balance_type,energy_source,country,year,value_gwh
Exports,Total,Austria,2005,47084.289
Exports,Total,Austria,2006,38614.345
Exports,Total,Austria,2007,45452.897
Exports,Total,Austria,2008,48449.491
Exports,Total,Austria,2009,48748.58
Exports,Total,Austria,2010,47955.359
Exports,Total,Austria,2011,47535.014
Exports,Total,Austria,2012,54067.142
Exports,Total,Austria,2013,51555.857
Exports,Total,Austria,2014,53741.713
Exports,Total,Austria,2015,58172.866
Exports,Total,Austria,2016,57474.653
Exports,Total,Austria,2017,61484.878
Exports,Total,Austria,2018,64236.713
Exports,Total,Austria,2019,65538.201
Exports,Total,Austria,2020,64041.118
Exports,Total,Austria,2021,62715.422
Exports,Total,Austria,2022,48209.051
Exports,Total,Austria,2023,57508.69
Exports,Total,Austria,2024,62312.922
Exports,Total,Belgium,2005,318269.933
Exports,Total,Belgium,2006,301858.75
Exports,Total,Belgium,2007,312098.801
Exports,Total,Belgium,2008,307941.066
Exports,Total,Belgium,2009,334638.975
Exports,Total,Belgium,2010,334278.615
Exports,Total,Belgium,2011,344033.44
Exports,Total,Belgium,2012,345176.978
Exports,Total,Belgium,2013,345789.114
Exports,Total,Belgium,2014,367327.564
Exports,Total,Belgium,2015,364757.903
Exports,Total,Belgium,2016,363424.788
Exports,Total,Belgium,2017,411135.228
Exports,Total,Belgium,2018,402695.766
Exports,Total,Belgium,2019,442314.505
Exports,Total,Belgium,2020,369281.978
Exports,Total,Belgium,2021,417951.86
Exports,Total,Belgium,2022,445287.866
Exports,Total,Belgium,2023,462459.239
Exports,Total,Belgium,2024,431171.449
Exports,Total,Bulgaria,2005,39262.756
Exports,Total,Bulgaria,2006,52308.926
Exports,Total,Bulgaria,2007,52465.095
Exports,Total,Bulgaria,2008,53129.581
Exports,Total,Bulgaria,2009,45011.929
Exports,Total,Bulgaria,2010,52452.51
Exports,Total,Bulgaria,2011,55445.112
Exports,Total,Bulgaria,2012,60943.957
Exports,Total,Bulgaria,2013,63051.862
Exports,Total,Bulgaria,2014,62466.316
Exports,Total,Bulgaria,2015,68944.904
Exports,Total,Bulgaria,2016,66282.169
Exports,Total,Bulgaria,2017,67610.095
Exports,Total,Bulgaria,2018,54246.848
Exports,Total,Bulgaria,2019,62121.52
Exports,Total,Bulgaria,2020,43266.465
Exports,Total,Bulgaria,2021,36018.498
Exports,Total,Bulgaria,2022,64969.607
Exports,Total,Bulgaria,2023,51741.34
Exports,Total,Bulgaria,2024,53740.345
Exports,Total,Cyprus,2005,0.0
Exports,Total,Cyprus,2006,0.0
Exports,Total,Cyprus,2007,0.0
Exports,Total,Cyprus,2008,0.0
Exports,Total,Cyprus,2009,0.0
Exports,Total,Cyprus,2010,0.0
Exports,Total,Cyprus,2011,0.0
Exports,Total,Cyprus,2012,0.0
Exports,Total,Cyprus,2013,0.0
Exports,Total,Cyprus,2014,0.0
Exports,Total,Cyprus,2015,281.75
Exports,Total,Cyprus,2016,200.399
Exports,Total,Cyprus,2017,0.0
Exports,Total,Cyprus,2018,0.0
Exports,Total,Cyprus,2019,0.0
Exports,Total,Cyprus,2020,0.0
Exports,Total,Cyprus,2021,392.69
Exports,Total,Cyprus,2022,209.193
Exports,Total,Cyprus,2023,0.0
Exports,Total,Cyprus,2024,416.202
Exports,Total,Czechia,2005,96768.384
Exports,Total,Czechia,2006,105160.218
Exports,Total,Czechia,2007,105647.452
Exports,Total,Czechia,2008,99140.304
Exports,Total,Czechia,2009,101697.819
Exports,Total,Czechia,2010,105825.361
Exports,Total,Czechia,2011,102314.983
Exports,Total,Czechia,2012,100775.913
Exports,Total,Czechia,2013,97215.251
Exports,Total,Czechia,2014,97533.846
Exports,Total,Czechia,2015,98026.24
Exports,Total,Czechia,2016,92385.688
Exports,Total,Czechia,2017,89984.427
Exports,Total,Czechia,2018,81287.45
Exports,Total,Czechia,2019,75126.405
Exports,Total,Czechia,2020,64371.406
Exports,Total,Czechia,2021,78267.987
Exports,Total,Czechia,2022,75792.412
Exports,Total,Czechia,2023,66166.999
Exports,Total,Czechia,2024,63640.831
Exports,Total,Germany,2005,585534.59
Exports,Total,Germany,2006,559596.551
Exports,Total,Germany,2007,572184.387
Exports,Total,Germany,2008,530982.02
Exports,Total,Germany,2009,466755.247
Exports,Total,Germany,2010,505641.244
Exports,Total,Germany,2011,474368.908
Exports,Total,Germany,2012,483343.987
Exports,Total,Germany,2013,555283.092
Exports,Total,Germany,2014,583063.738
Exports,Total,Germany,2015,703550.334
Exports,Total,Germany,2016,606609.306
Exports,Total,Germany,2017,703844.341
Exports,Total,Germany,2018,387417.033
Exports,Total,Germany,2019,375240.511
Exports,Total,Germany,2020,375224.364
Exports,Total,Germany,2021,417738.546
Exports,Total,Germany,2022,448586.154
Exports,Total,Germany,2023,393336.459
Exports,Total,Germany,2024,436749.715
Exports,Total,Denmark,2005,283142.285
Exports,Total,Denmark,2006,262031.141
Exports,Total,Denmark,2007,227796.678
Exports,Total,Denmark,2008,235534.656
Exports,Total,Denmark,2009,214061.007
Exports,Total,Denmark,2010,204185.75
Exports,Total,Denmark,2011,198971.434
Exports,Total,Denmark,2012,190576.645
Exports,Total,Denmark,2013,191370.302
Exports,Total,Denmark,2014,179427.032
Exports,Total,Denmark,2015,191356.644
Exports,Total,Denmark,2016,183094.889
Exports,Total,Denmark,2017,162551.309
Exports,Total,Denmark,2018,137973.757
Exports,Total,Denmark,2019,128285.688
Exports,Total,Denmark,2020,125200.865
Exports,Total,Denmark,2021,131447.456
Exports,Total,Denmark,2022,117648.551
Exports,Total,Denmark,2023,177518.298
Exports,Total,Denmark,2024,178178.608
Exports,Total,Estonia,2005,6258.979
Exports,Total,Estonia,2006,6144.296
Exports,Total,Estonia,2007,9421.861
Exports,Total,Estonia,2008,7525.964
Exports,Total,Estonia,2009,9186.141
Exports,Total,Estonia,2010,11117.035
Exports,Total,Estonia,2011,12177.843
Exports,Total,Estonia,2012,22349.684
Exports,Total,Estonia,2013,18514.922
Exports,Total,Estonia,2014,23787.982
Exports,Total,Estonia,2015,23321.938
Exports,Total,Estonia,2016,24269.566
Exports,Total,Estonia,2017,26446.212
Exports,Total,Estonia,2018,31760.027
Exports,Total,Estonia,2019,29136.309
Exports,Total,Estonia,2020,32403.987
Exports,Total,Estonia,2021,35865.301
Exports,Total,Estonia,2022,27815.913
Exports,Total,Estonia,2023,25745.87
Exports,Total,Estonia,2024,23639.966
Exports,Total,Greece,2005,71606.654
Exports,Total,Greece,2006,85067.245
Exports,Total,Greece,2007,89944.958
Exports,Total,Greece,2008,89429.451
Exports,Total,Greece,2009,106069.757
Exports,Total,Greece,2010,114365.894
Exports,Total,Greece,2011,116371.532
Exports,Total,Greece,2012,149959.823
Exports,Total,Greece,2013,170020.129
Exports,Total,Greece,2014,182847.251
Exports,Total,Greece,2015,191581.561
Exports,Total,Greece,2016,214605.744
Exports,Total,Greece,2017,226288.196
Exports,Total,Greece,2018,239092.491
Exports,Total,Greece,2019,217197.997
Exports,Total,Greece,2020,223450.915
Exports,Total,Greece,2021,250535.121
Exports,Total,Greece,2022,217232.521
Exports,Total,Greece,2023,217821.706
Exports,Total,Greece,2024,209637.734
Exports,Total,Spain,2005,114541.583
Exports,Total,Spain,2006,136810.083
Exports,Total,Spain,2007,156126.899
Exports,Total,Spain,2008,155677.181
Exports,Total,Spain,2009,168836.957
Exports,Total,Spain,2010,177778.896
Exports,Total,Spain,2011,199891.025
Exports,Total,Spain,2012,295859.352
Exports,Total,Spain,2013,347787.807
Exports,Total,Spain,2014,373954.238
Exports,Total,Spain,2015,352486.982
Exports,Total,Spain,2016,360322.319
Exports,Total,Spain,2017,382134.879
Exports,Total,Spain,2018,368619.496
Exports,Total,Spain,2019,342048.168
Exports,Total,Spain,2020,336658.498
Exports,Total,Spain,2021,347460.859
Exports,Total,Spain,2022,367756.686
Exports,Total,Spain,2023,400350.69
Exports,Total,Spain,2024,344973.661
Exports,Total,Finland,2005,61621.684
Exports,Total,Finland,2006,69350.927
Exports,Total,Finland,2007,78955.099
Exports,Total,Finland,2008,84523.849
Exports,Total,Finland,2009,84102.519
Exports,Total,Finland,2010,88259.098
Exports,Total,Finland,2011,91726.853
Exports,Total,Finland,2012,95140.06
Exports,Total,Finland,2013,114052.103
Exports,Total,Finland,2014,109464.997
Exports,Total,Finland,2015,87983.397
Exports,Total,Finland,2016,111752.819
Exports,Total,Finland,2017,109953.744
Exports,Total,Finland,2018,108635.744
Exports,Total,Finland,2019,119062.011
Exports,Total,Finland,2020,112332.121
Exports,Total,Finland,2021,85141.903
Exports,Total,Finland,2022,102267.663
Exports,Total,Finland,2023,106747.755
Exports,Total,Finland,2024,93745.358
Exports,Total,France,2005,407664.319
Exports,Total,France,2006,411450.124
Exports,Total,France,2007,390556.138
Exports,Total,France,2008,444042.487
Exports,Total,France,2009,373593.331
Exports,Total,France,2010,353529.228
Exports,Total,France,2011,392091.493
Exports,Total,France,2012,359068.641
Exports,Total,France,2013,342709.238
Exports,Total,France,2014,353273.599
Exports,Total,France,2015,365532.291
Exports,Total,France,2016,328914.628
Exports,Total,France,2017,350082.436
Exports,Total,France,2018,361600.213
Exports,Total,France,2019,382733.933
Exports,Total,France,2020,308442.565
Exports,Total,France,2021,281882.484
Exports,Total,France,2022,361525.219
Exports,Total,France,2023,395529.979
Exports,Total,France,2024,444435.386
Exports,Total,Croatia,2005,30854.987
Exports,Total,Croatia,2006,34340.757
Exports,Total,Croatia,2007,33680.064
Exports,Total,Croatia,2008,34281.428
Exports,Total,Croatia,2009,37904.311
Exports,Total,Croatia,2010,37078.547
Exports,Total,Croatia,2011,30181.612
Exports,Total,Croatia,2012,29103.092
Exports,Total,Croatia,2013,32087.78
Exports,Total,Croatia,2014,32789.304
Exports,Total,Croatia,2015,35409.147
Exports,Total,Croatia,2016,38922.597
Exports,Total,Croatia,2017,40580.094
Exports,Total,Croatia,2018,40265.396
Exports,Total,Croatia,2019,36051.198
Exports,Total,Croatia,2020,37032.768
Exports,Total,Croatia,2021,38664.832
Exports,Total,Croatia,2022,42910.913
Exports,Total,Croatia,2023,44095.51
Exports,Total,Croatia,2024,45948.301
Exports,Total,Hungary,2005,46382.245
Exports,Total,Hungary,2006,50529.876
Exports,Total,Hungary,2007,51875.71
Exports,Total,Hungary,2008,51147.146
Exports,Total,Hungary,2009,34969.299
Exports,Total,Hungary,2010,42779.558
Exports,Total,Hungary,2011,50792.748
Exports,Total,Hungary,2012,55461.261
Exports,Total,Hungary,2013,60613.629
Exports,Total,Hungary,2014,57776.181
Exports,Total,Hungary,2015,52055.469
Exports,Total,Hungary,2016,48395.968
Exports,Total,Hungary,2017,52122.067
Exports,Total,Hungary,2018,56718.991
Exports,Total,Hungary,2019,54385.308
Exports,Total,Hungary,2020,49313.268
Exports,Total,Hungary,2021,48631.945
Exports,Total,Hungary,2022,43803.51
Exports,Total,Hungary,2023,46537.68
Exports,Total,Hungary,2024,62786.821
Exports,Total,Ireland,2005,17206.767
Exports,Total,Ireland,2006,15410.833
Exports,Total,Ireland,2007,14564.352
Exports,Total,Ireland,2008,14900.601
Exports,Total,Ireland,2009,11462.166
Exports,Total,Ireland,2010,17721.722
Exports,Total,Ireland,2011,19448.544
Exports,Total,Ireland,2012,21420.855
Exports,Total,Ireland,2013,15005.93
Exports,Total,Ireland,2014,15808.451
Exports,Total,Ireland,2015,21968.951
Exports,Total,Ireland,2016,20849.781
Exports,Total,Ireland,2017,23809.041
Exports,Total,Ireland,2018,21815.328
Exports,Total,Ireland,2019,19419.615
Exports,Total,Ireland,2020,20075.474
Exports,Total,Ireland,2021,19983.179
Exports,Total,Ireland,2022,18879.568
Exports,Total,Ireland,2023,14724.935
Exports,Total,Ireland,2024,13146.396
Exports,Total,Italy,2005,352109.156
Exports,Total,Italy,2006,334456.989
Exports,Total,Italy,2007,373979.367
Exports,Total,Italy,2008,353325.727
Exports,Total,Italy,2009,321502.722
Exports,Total,Italy,2010,356822.752
Exports,Total,Italy,2011,326794.155
Exports,Total,Italy,2012,360034.178
Exports,Total,Italy,2013,296318.971
Exports,Total,Italy,2014,256054.556
Exports,Total,Italy,2015,340047.954
Exports,Total,Italy,2016,361418.472
Exports,Total,Italy,2017,388050.005
Exports,Total,Italy,2018,360754.543
Exports,Total,Italy,2019,342052.586
Exports,Total,Italy,2020,294580.37
Exports,Total,Italy,2021,341209.89
Exports,Total,Italy,2022,384758.783
Exports,Total,Italy,2023,363362.066
Exports,Total,Italy,2024,312340.05
Exports,Total,Lithuania,2005,90155.308
Exports,Total,Lithuania,2006,81977.039
Exports,Total,Lithuania,2007,54010.555
Exports,Total,Lithuania,2008,93434.999
Exports,Total,Lithuania,2009,91300.648
Exports,Total,Lithuania,2010,93160.055
Exports,Total,Lithuania,2011,97160.075
Exports,Total,Lithuania,2012,95506.583
Exports,Total,Lithuania,2013,102980.589
Exports,Total,Lithuania,2014,86536.16
Exports,Total,Lithuania,2015,103113.541
Exports,Total,Lithuania,2016,106759.381
Exports,Total,Lithuania,2017,106118.771
Exports,Total,Lithuania,2018,97350.948
Exports,Total,Lithuania,2019,100394.725
Exports,Total,Lithuania,2020,80887.594
Exports,Total,Lithuania,2021,80241.369
Exports,Total,Lithuania,2022,104229.308
Exports,Total,Lithuania,2023,107843.814
Exports,Total,Lithuania,2024,94608.708
Exports,Total,Luxembourg,2005,3327.381
Exports,Total,Luxembourg,2006,3471.164
Exports,Total,Luxembourg,2007,3037.025
Exports,Total,Luxembourg,2008,2694.61
Exports,Total,Luxembourg,2009,2840.164
Exports,Total,Luxembourg,2010,3339.338
Exports,Total,Luxembourg,2011,2732.752
Exports,Total,Luxembourg,2012,2783.956
Exports,Total,Luxembourg,2013,2080.272
Exports,Total,Luxembourg,2014,2210.373
Exports,Total,Luxembourg,2015,2247.932
Exports,Total,Luxembourg,2016,1861.146
Exports,Total,Luxembourg,2017,1946.196
Exports,Total,Luxembourg,2018,1670.183
Exports,Total,Luxembourg,2019,1156.883
Exports,Total,Luxembourg,2020,1335.486
Exports,Total,Luxembourg,2021,1293.515
Exports,Total,Luxembourg,2022,1498.072
Exports,Total,Luxembourg,2023,1361.738
Exports,Total,Luxembourg,2024,1524.814
Exports,Total,Latvia,2005,11094.683
Exports,Total,Latvia,2006,8258.306
Exports,Total,Latvia,2007,8398.821
Exports,Total,Latvia,2008,8176.922
Exports,Total,Latvia,2009,11468.264
Exports,Total,Latvia,2010,12875.066
Exports,Total,Latvia,2011,15302.413
Exports,Total,Latvia,2012,17187.443
Exports,Total,Latvia,2013,19972.934
Exports,Total,Latvia,2014,21879.648
Exports,Total,Latvia,2015,24817.292
Exports,Total,Latvia,2016,24665.779
Exports,Total,Latvia,2017,23894.954
Exports,Total,Latvia,2018,26421.438
Exports,Total,Latvia,2019,24670.385
Exports,Total,Latvia,2020,21648.77
Exports,Total,Latvia,2021,23922.187
Exports,Total,Latvia,2022,24439.613
Exports,Total,Latvia,2023,23685.085
Exports,Total,Latvia,2024,27969.698
Exports,Total,Malta,2005,0.0
Exports,Total,Malta,2006,0.0
Exports,Total,Malta,2007,0.0
Exports,Total,Malta,2008,0.0
Exports,Total,Malta,2009,107.5
Exports,Total,Malta,2010,191.111
Exports,Total,Malta,2011,35.833
Exports,Total,Malta,2012,95.917
Exports,Total,Malta,2013,1748.0
Exports,Total,Malta,2014,2329.833
Exports,Total,Malta,2015,6175.278
Exports,Total,Malta,2016,3240.833
Exports,Total,Malta,2017,1782.884
Exports,Total,Malta,2018,4110.179
Exports,Total,Malta,2019,4398.264
Exports,Total,Malta,2020,2259.254
Exports,Total,Malta,2021,1262.406
Exports,Total,Malta,2022,417.681
Exports,Total,Malta,2023,1070.759
Exports,Total,Malta,2024,465.99
Exports,Total,Netherlands,2005,1341836.993
Exports,Total,Netherlands,2006,1417702.108
Exports,Total,Netherlands,2007,1383553.525
Exports,Total,Netherlands,2008,1484759.863
Exports,Total,Netherlands,2009,1546937.692
Exports,Total,Netherlands,2010,1705872.687
Exports,Total,Netherlands,2011,1667160.113
Exports,Total,Netherlands,2012,1770035.298
Exports,Total,Netherlands,2013,1826806.113
Exports,Total,Netherlands,2014,1750771.139
Exports,Total,Netherlands,2015,1788145.647
Exports,Total,Netherlands,2016,1838895.037
Exports,Total,Netherlands,2017,1548871.195
Exports,Total,Netherlands,2018,1510144.517
Exports,Total,Netherlands,2019,1468701.445
Exports,Total,Netherlands,2020,1261904.345
Exports,Total,Netherlands,2021,1455852.423
Exports,Total,Netherlands,2022,1442567.917
Exports,Total,Netherlands,2023,1457527.792
Exports,Total,Netherlands,2024,1371528.83
Exports,Total,Poland,2005,228204.589
Exports,Total,Poland,2006,235442.272
Exports,Total,Poland,2007,197126.053
Exports,Total,Poland,2008,165393.406
Exports,Total,Poland,2009,148355.503
Exports,Total,Poland,2010,177234.878
Exports,Total,Poland,2011,177639.64
Exports,Total,Poland,2012,190535.331
Exports,Total,Poland,2013,233084.289
Exports,Total,Poland,2014,227339.825
Exports,Total,Poland,2015,244640.056
Exports,Total,Poland,2016,242811.238
Exports,Total,Poland,2017,203655.151
Exports,Total,Poland,2018,188313.813
Exports,Total,Poland,2019,176986.522
Exports,Total,Poland,2020,166648.041
Exports,Total,Poland,2021,177389.471
Exports,Total,Poland,2022,186061.653
Exports,Total,Poland,2023,186442.36
Exports,Total,Poland,2024,173985.316
Exports,Total,Portugal,2005,30891.675
Exports,Total,Portugal,2006,43333.597
Exports,Total,Portugal,2007,31758.5
Exports,Total,Portugal,2008,31251.653
Exports,Total,Portugal,2009,29943.527
Exports,Total,Portugal,2010,39439.668
Exports,Total,Portugal,2011,40069.63
Exports,Total,Portugal,2012,49506.294
Exports,Total,Portugal,2013,75008.996
Exports,Total,Portugal,2014,66523.343
Exports,Total,Portugal,2015,90282.005
Exports,Total,Portugal,2016,92565.501
Exports,Total,Portugal,2017,93501.275
Exports,Total,Portugal,2018,75024.036
Exports,Total,Portugal,2019,66391.774
Exports,Total,Portugal,2020,72763.117
Exports,Total,Portugal,2021,67792.685
Exports,Total,Portugal,2022,59507.62
Exports,Total,Portugal,2023,54485.415
Exports,Total,Portugal,2024,65866.721
Exports,Total,Romania,2005,74426.505
Exports,Total,Romania,2006,68291.306
Exports,Total,Romania,2007,56235.833
Exports,Total,Romania,2008,64255.89
Exports,Total,Romania,2009,52906.17
Exports,Total,Romania,2010,45997.472
Exports,Total,Romania,2011,50312.345
Exports,Total,Romania,2012,46981.24
Exports,Total,Romania,2013,52926.364
Exports,Total,Romania,2014,67644.292
Exports,Total,Romania,2015,70815.063
Exports,Total,Romania,2016,72448.271
Exports,Total,Romania,2017,69243.027
Exports,Total,Romania,2018,71231.389
Exports,Total,Romania,2019,69449.667
Exports,Total,Romania,2020,59118.551
Exports,Total,Romania,2021,61498.372
Exports,Total,Romania,2022,75463.366
Exports,Total,Romania,2023,84914.445
Exports,Total,Romania,2024,87662.983
Exports,Total,Sweden,2005,146255.599
Exports,Total,Sweden,2006,143753.214
Exports,Total,Sweden,2007,140085.084
Exports,Total,Sweden,2008,161163.849
Exports,Total,Sweden,2009,153127.397
Exports,Total,Sweden,2010,163260.668
Exports,Total,Sweden,2011,155880.7
Exports,Total,Sweden,2012,191927.56
Exports,Total,Sweden,2013,141688.105
Exports,Total,Sweden,2014,181350.016
Exports,Total,Sweden,2015,214107.088
Exports,Total,Sweden,2016,228051.214
Exports,Total,Sweden,2017,246977.465
Exports,Total,Sweden,2018,236288.969
Exports,Total,Sweden,2019,177605.207
Exports,Total,Sweden,2020,198508.353
Exports,Total,Sweden,2021,239087.884
Exports,Total,Sweden,2022,223773.854
Exports,Total,Sweden,2023,217171.359
Exports,Total,Sweden,2024,224330.563
Exports,Total,Slovenia,2005,12328.389
Exports,Total,Slovenia,2006,12686.661
Exports,Total,Slovenia,2007,10952.717
Exports,Total,Slovenia,2008,14307.884
Exports,Total,Slovenia,2009,16557.84
Exports,Total,Slovenia,2010,18741.95
Exports,Total,Slovenia,2011,16867.033
Exports,Total,Slovenia,2012,18147.759
Exports,Total,Slovenia,2013,19955.457
Exports,Total,Slovenia,2014,26555.61
Exports,Total,Slovenia,2015,29411.303
Exports,Total,Slovenia,2016,33658.932
Exports,Total,Slovenia,2017,34308.656
Exports,Total,Slovenia,2018,34547.362
Exports,Total,Slovenia,2019,36744.522
Exports,Total,Slovenia,2020,31739.781
Exports,Total,Slovenia,2021,27566.217
Exports,Total,Slovenia,2022,36083.828
Exports,Total,Slovenia,2023,38487.824
Exports,Total,Slovenia,2024,42047.635
Exports,Total,Slovakia,2005,59587.841
Exports,Total,Slovakia,2006,62726.981
Exports,Total,Slovakia,2007,61838.09
Exports,Total,Slovakia,2008,57098.822
Exports,Total,Slovakia,2009,55125.444
Exports,Total,Slovakia,2010,50344.231
Exports,Total,Slovakia,2011,58904.466
Exports,Total,Slovakia,2012,55768.375
Exports,Total,Slovakia,2013,61124.808
Exports,Total,Slovakia,2014,56688.839
Exports,Total,Slovakia,2015,66285.374
Exports,Total,Slovakia,2016,61189.439
Exports,Total,Slovakia,2017,61016.155
Exports,Total,Slovakia,2018,52369.728
Exports,Total,Slovakia,2019,53688.981
Exports,Total,Slovakia,2020,57208.258
Exports,Total,Slovakia,2021,68956.455
Exports,Total,Slovakia,2022,55489.979
Exports,Total,Slovakia,2023,59493.555
Exports,Total,Slovakia,2024,57536.169
Gross available energy,Total,Austria,2005,400096.777
Gross available energy,Total,Austria,2006,403701.548
Gross available energy,Total,Austria,2007,396820.246
Gross available energy,Total,Austria,2008,399973.238
Gross available energy,Total,Austria,2009,379731.45
Gross available energy,Total,Austria,2010,405354.156
Gross available energy,Total,Austria,2011,393560.22
Gross available energy,Total,Austria,2012,392405.55
Gross available energy,Total,Austria,2013,397002.907
Gross available energy,Total,Austria,2014,383071.687
Gross available energy,Total,Austria,2015,392418.001
Gross available energy,Total,Austria,2016,397855.212
Gross available energy,Total,Austria,2017,405013.188
Gross available energy,Total,Austria,2018,395747.1
Gross available energy,Total,Austria,2019,404526.282
Gross available energy,Total,Austria,2020,375692.374
Gross available energy,Total,Austria,2021,397402.63
Gross available energy,Total,Austria,2022,380732.321
Gross available energy,Total,Austria,2023,372457.106
Gross available energy,Total,Austria,2024,369604.241
Gross available energy,Total,Belgium,2005,778265.538
Gross available energy,Total,Belgium,2006,777849.225
Gross available energy,Total,Belgium,2007,777500.793
Gross available energy,Total,Belgium,2008,802687.555
Gross available energy,Total,Belgium,2009,740026.943
Gross available energy,Total,Belgium,2010,793974.132
Gross available energy,Total,Belgium,2011,737203.741
Gross available energy,Total,Belgium,2012,702247.021
Gross available energy,Total,Belgium,2013,728521.668
Gross available energy,Total,Belgium,2014,686210.072
Gross available energy,Total,Belgium,2015,692023.763
Gross available energy,Total,Belgium,2016,734401.899
Gross available energy,Total,Belgium,2017,743435.196
Gross available energy,Total,Belgium,2018,744219.381
Gross available energy,Total,Belgium,2019,747891.587
Gross available energy,Total,Belgium,2020,672464.706
Gross available energy,Total,Belgium,2021,746354.448
Gross available energy,Total,Belgium,2022,694667.607
Gross available energy,Total,Belgium,2023,650165.858
Gross available energy,Total,Belgium,2024,660626.319
Gross available energy,Total,Bulgaria,2005,234854.698
Gross available energy,Total,Bulgaria,2006,241866.759
Gross available energy,Total,Bulgaria,2007,237288.281
Gross available energy,Total,Bulgaria,2008,234435.775
Gross available energy,Total,Bulgaria,2009,206746.562
Gross available energy,Total,Bulgaria,2010,209483.875
Gross available energy,Total,Bulgaria,2011,224174.024
Gross available energy,Total,Bulgaria,2012,214674.455
Gross available energy,Total,Bulgaria,2013,199750.917
Gross available energy,Total,Bulgaria,2014,208823.812
Gross available energy,Total,Bulgaria,2015,218269.25
Gross available energy,Total,Bulgaria,2016,213659.064
Gross available energy,Total,Bulgaria,2017,221154.112
Gross available energy,Total,Bulgaria,2018,220316.083
Gross available energy,Total,Bulgaria,2019,218048.235
Gross available energy,Total,Bulgaria,2020,206995.043
Gross available energy,Total,Bulgaria,2021,225284.024
Gross available energy,Total,Bulgaria,2022,228363.96
Gross available energy,Total,Bulgaria,2023,202281.596
Gross available energy,Total,Bulgaria,2024,201601.244
Gross available energy,Total,Cyprus,2005,32975.121
Gross available energy,Total,Cyprus,2006,34202.052
Gross available energy,Total,Cyprus,2007,35336.038
Gross available energy,Total,Cyprus,2008,36906.51
Gross available energy,Total,Cyprus,2009,35630.07
Gross available energy,Total,Cyprus,2010,34252.061
Gross available energy,Total,Cyprus,2011,33845.43
Gross available energy,Total,Cyprus,2012,31817.507
Gross available energy,Total,Cyprus,2013,28382.14
Gross available energy,Total,Cyprus,2014,28808.87
Gross available energy,Total,Cyprus,2015,29561.858
Gross available energy,Total,Cyprus,2016,31986.181
Gross available energy,Total,Cyprus,2017,32875.743
Gross available energy,Total,Cyprus,2018,33755.336
Gross available energy,Total,Cyprus,2019,33767.34
Gross available energy,Total,Cyprus,2020,29756.135
Gross available energy,Total,Cyprus,2021,30959.473
Gross available energy,Total,Cyprus,2022,33252.098
Gross available energy,Total,Cyprus,2023,33083.665
Gross available energy,Total,Cyprus,2024,34065.225
Gross available energy,Total,Czechia,2005,529571.316
Gross available energy,Total,Czechia,2006,541564.516
Gross available energy,Total,Czechia,2007,540408.057
Gross available energy,Total,Czechia,2008,530450.743
Gross available energy,Total,Czechia,2009,498249.089
Gross available energy,Total,Czechia,2010,528761.136
Gross available energy,Total,Czechia,2011,507264.324
Gross available energy,Total,Czechia,2012,502898.194
Gross available energy,Total,Czechia,2013,505268.726
Gross available energy,Total,Czechia,2014,488597.742
Gross available energy,Total,Czechia,2015,489058.064
Gross available energy,Total,Czechia,2016,484495.018
Gross available energy,Total,Czechia,2017,505464.574
Gross available energy,Total,Czechia,2018,507513.287
Gross available energy,Total,Czechia,2019,499319.875
Gross available energy,Total,Czechia,2020,468910.538
Gross available energy,Total,Czechia,2021,496915.425
Gross available energy,Total,Czechia,2022,486693.325
Gross available energy,Total,Czechia,2023,447052.311
Gross available energy,Total,Czechia,2024,441062.953
Gross available energy,Total,Germany,2005,4058468.566
Gross available energy,Total,Germany,2006,4182422.764
Gross available energy,Total,Germany,2007,3983606.682
Gross available energy,Total,Germany,2008,4032299.385
Gross available energy,Total,Germany,2009,3770990.994
Gross available energy,Total,Germany,2010,3966105.309
Gross available energy,Total,Germany,2011,3762111.281
Gross available energy,Total,Germany,2012,3793093.339
Gross available energy,Total,Germany,2013,3873576.023
Gross available energy,Total,Germany,2014,3708356.542
Gross available energy,Total,Germany,2015,3727594.069
Gross available energy,Total,Germany,2016,3754695.964
Gross available energy,Total,Germany,2017,3771383.703
Gross available energy,Total,Germany,2018,3681588.142
Gross available energy,Total,Germany,2019,3599635.44
Gross available energy,Total,Germany,2020,3328611.334
Gross available energy,Total,Germany,2021,3462842.599
Gross available energy,Total,Germany,2022,3299754.398
Gross available energy,Total,Germany,2023,2984182.231
Gross available energy,Total,Germany,2024,2944434.262
Gross available energy,Total,Denmark,2005,239496.933
Gross available energy,Total,Denmark,2006,258729.84
Gross available energy,Total,Denmark,2007,254008.219
Gross available energy,Total,Denmark,2008,245856.877
Gross available energy,Total,Denmark,2009,232014.381
Gross available energy,Total,Denmark,2010,244461.065
Gross available energy,Total,Denmark,2011,228453.218
Gross available energy,Total,Denmark,2012,217287.208
Gross available energy,Total,Denmark,2013,219801.154
Gross available energy,Total,Denmark,2014,210240.593
Gross available energy,Total,Denmark,2015,209700.058
Gross available energy,Total,Denmark,2016,214167.506
Gross available energy,Total,Denmark,2017,214008.374
Gross available energy,Total,Denmark,2018,215046.684
Gross available energy,Total,Denmark,2019,210546.72
Gross available energy,Total,Denmark,2020,192862.276
Gross available energy,Total,Denmark,2021,202595.511
Gross available energy,Total,Denmark,2022,198002.54
Gross available energy,Total,Denmark,2023,195431.739
Gross available energy,Total,Denmark,2024,201816.132
Gross available energy,Total,Estonia,2005,65289.588
Gross available energy,Total,Estonia,2006,65801.169
Gross available energy,Total,Estonia,2007,76960.776
Gross available energy,Total,Estonia,2008,67937.723
Gross available energy,Total,Estonia,2009,54131.751
Gross available energy,Total,Estonia,2010,71408.179
Gross available energy,Total,Estonia,2011,69233.191
Gross available energy,Total,Estonia,2012,66052.792
Gross available energy,Total,Estonia,2013,73206.033
Gross available energy,Total,Estonia,2014,68620.203
Gross available energy,Total,Estonia,2015,59729.001
Gross available energy,Total,Estonia,2016,73185.618
Gross available energy,Total,Estonia,2017,72505.875
Gross available energy,Total,Estonia,2018,70059.323
Gross available energy,Total,Estonia,2019,59315.875
Gross available energy,Total,Estonia,2020,55709.41
Gross available energy,Total,Estonia,2021,57097.799
Gross available energy,Total,Estonia,2022,60049.285
Gross available energy,Total,Estonia,2023,52214.455
Gross available energy,Total,Estonia,2024,52430.098
Gross available energy,Total,Greece,2005,394587.332
Gross available energy,Total,Greece,2006,398738.741
Gross available energy,Total,Greece,2007,399878.691
Gross available energy,Total,Greece,2008,401338.074
Gross available energy,Total,Greece,2009,383066.286
Gross available energy,Total,Greece,2010,361187.335
Gross available energy,Total,Greece,2011,352267.936
Gross available energy,Total,Greece,2012,343210.351
Gross available energy,Total,Greece,2013,304582.992
Gross available energy,Total,Greece,2014,300741.774
Gross available energy,Total,Greece,2015,300884.557
Gross available energy,Total,Greece,2016,295101.301
Gross available energy,Total,Greece,2017,308529.528
Gross available energy,Total,Greece,2018,302648.506
Gross available energy,Total,Greece,2019,303222.562
Gross available energy,Total,Greece,2020,256736.422
Gross available energy,Total,Greece,2021,271227.101
Gross available energy,Total,Greece,2022,276819.94
Gross available energy,Total,Greece,2023,267542.935
Gross available energy,Total,Greece,2024,283946.639
Gross available energy,Total,Spain,2005,1772256.065
Gross available energy,Total,Spain,2006,1778387.885
Gross available energy,Total,Spain,2007,1806626.147
Gross available energy,Total,Spain,2008,1749716.537
Gross available energy,Total,Spain,2009,1616254.706
Gross available energy,Total,Spain,2010,1611184.06
Gross available energy,Total,Spain,2011,1606227.593
Gross available energy,Total,Spain,2012,1598772.302
Gross available energy,Total,Spain,2013,1488239.744
Gross available energy,Total,Spain,2014,1466307.807
Gross available energy,Total,Spain,2015,1516567.105
Gross available energy,Total,Spain,2016,1528592.105
Gross available energy,Total,Spain,2017,1594933.328
Gross available energy,Total,Spain,2018,1596356.488
Gross available energy,Total,Spain,2019,1558601.938
Gross available energy,Total,Spain,2020,1374290.841
Gross available energy,Total,Spain,2021,1458559.151
Gross available energy,Total,Spain,2022,1494475.128
Gross available energy,Total,Spain,2023,1453950.357
Gross available energy,Total,Spain,2024,1491402.771
Gross available energy,Total,Finland,2005,411165.564
Gross available energy,Total,Finland,2006,447844.94
Gross available energy,Total,Finland,2007,440514.816
Gross available energy,Total,Finland,2008,423041.926
Gross available energy,Total,Finland,2009,393847.936
Gross available energy,Total,Finland,2010,430346.994
Gross available energy,Total,Finland,2011,414438.093
Gross available energy,Total,Finland,2012,398850.912
Gross available energy,Total,Finland,2013,392533.267
Gross available energy,Total,Finland,2014,400586.751
Gross available energy,Total,Finland,2015,383309.074
Gross available energy,Total,Finland,2016,397165.683
Gross available energy,Total,Finland,2017,402506.696
Gross available energy,Total,Finland,2018,409795.639
Gross available energy,Total,Finland,2019,401762.329
Gross available energy,Total,Finland,2020,377197.839
Gross available energy,Total,Finland,2021,395269.556
Gross available energy,Total,Finland,2022,381828.831
Gross available energy,Total,Finland,2023,388725.078
Gross available energy,Total,Finland,2024,379992.519
Gross available energy,Total,France,2005,3253091.17
Gross available energy,Total,France,2006,3207564.03
Gross available energy,Total,France,2007,3179446.29
Gross available energy,Total,France,2008,3193216.615
Gross available energy,Total,France,2009,3069521.569
Gross available energy,Total,France,2010,3163377.435
Gross available energy,Total,France,2011,3109825.108
Gross available energy,Total,France,2012,3111566.523
Gross available energy,Total,France,2013,3125418.487
Gross available energy,Total,France,2014,2999531.018
Gross available energy,Total,France,2015,3048524.316
Gross available energy,Total,France,2016,2996160.913
Gross available energy,Total,France,2017,2998965.626
Gross available energy,Total,France,2018,2987473.597
Gross available energy,Total,France,2019,2949465.614
Gross available energy,Total,France,2020,2614822.517
Gross available energy,Total,France,2021,2832369.55
Gross available energy,Total,France,2022,2575953.087
Gross available energy,Total,France,2023,2623871.941
Gross available energy,Total,France,2024,2546540.943
Gross available energy,Total,Croatia,2005,114566.042
Gross available energy,Total,Croatia,2006,113916.289
Gross available energy,Total,Croatia,2007,118411.302
Gross available energy,Total,Croatia,2008,115599.32
Gross available energy,Total,Croatia,2009,111300.965
Gross available energy,Total,Croatia,2010,110226.335
Gross available energy,Total,Croatia,2011,107974.29
Gross available energy,Total,Croatia,2012,101517.283
Gross available energy,Total,Croatia,2013,99547.211
Gross available energy,Total,Croatia,2014,94856.51
Gross available energy,Total,Croatia,2015,98952.996
Gross available energy,Total,Croatia,2016,99820.371
Gross available energy,Total,Croatia,2017,103370.216
Gross available energy,Total,Croatia,2018,101143.684
Gross available energy,Total,Croatia,2019,102507.347
Gross available energy,Total,Croatia,2020,96798.023
Gross available energy,Total,Croatia,2021,101392.468
Gross available energy,Total,Croatia,2022,99168.044
Gross available energy,Total,Croatia,2023,103104.737
Gross available energy,Total,Croatia,2024,105001.518
Gross available energy,Total,Hungary,2005,331574.54
Gross available energy,Total,Hungary,2006,327975.729
Gross available energy,Total,Hungary,2007,320950.598
Gross available energy,Total,Hungary,2008,315993.5
Gross available energy,Total,Hungary,2009,300523.313
Gross available energy,Total,Hungary,2010,309269.833
Gross available energy,Total,Hungary,2011,303108.309
Gross available energy,Total,Hungary,2012,288087.031
Gross available energy,Total,Hungary,2013,278188.696
Gross available energy,Total,Hungary,2014,277064.216
Gross available energy,Total,Hungary,2015,293113.728
Gross available energy,Total,Hungary,2016,296793.56
Gross available energy,Total,Hungary,2017,310014.508
Gross available energy,Total,Hungary,2018,310574.091
Gross available energy,Total,Hungary,2019,310584.805
Gross available energy,Total,Hungary,2020,304002.6
Gross available energy,Total,Hungary,2021,318377.099
Gross available energy,Total,Hungary,2022,299823.925
Gross available energy,Total,Hungary,2023,282577.204
Gross available energy,Total,Hungary,2024,283617.452
Gross available energy,Total,Ireland,2005,181141.328
Gross available energy,Total,Ireland,2006,182384.963
Gross available energy,Total,Ireland,2007,188719.551
Gross available energy,Total,Ireland,2008,186418.24
Gross available energy,Total,Ireland,2009,177861.221
Gross available energy,Total,Ireland,2010,176847.655
Gross available energy,Total,Ireland,2011,162693.754
Gross available energy,Total,Ireland,2012,164618.489
Gross available energy,Total,Ireland,2013,156443.155
Gross available energy,Total,Ireland,2014,157460.369
Gross available energy,Total,Ireland,2015,166628.266
Gross available energy,Total,Ireland,2016,175786.582
Gross available energy,Total,Ireland,2017,174344.24
Gross available energy,Total,Ireland,2018,175314.142
Gross available energy,Total,Ireland,2019,175830.517
Gross available energy,Total,Ireland,2020,162152.878
Gross available energy,Total,Ireland,2021,168000.955
Gross available energy,Total,Ireland,2022,172011.195
Gross available energy,Total,Ireland,2023,168887.221
Gross available energy,Total,Ireland,2024,171384.217
Gross available energy,Total,Italy,2005,2229314.348
Gross available energy,Total,Italy,2006,2213024.951
Gross available energy,Total,Italy,2007,2209832.303
Gross available energy,Total,Italy,2008,2181197.45
Gross available energy,Total,Italy,2009,2034360.94
Gross available energy,Total,Italy,2010,2091297.19
Gross available energy,Total,Italy,2011,2019995.65
Gross available energy,Total,Italy,2012,1941141.491
Gross available energy,Total,Italy,2013,1867433.47
Gross available energy,Total,Italy,2014,1764952.954
Gross available energy,Total,Italy,2015,1833231.634
Gross available energy,Total,Italy,2016,1819982.563
Gross available energy,Total,Italy,2017,1881911.58
Gross available energy,Total,Italy,2018,1857437.632
Gross available energy,Total,Italy,2019,1838545.276
Gross available energy,Total,Italy,2020,1675125.761
Gross available energy,Total,Italy,2021,1819363.197
Gross available energy,Total,Italy,2022,1743507.454
Gross available energy,Total,Italy,2023,1667640.619
Gross available energy,Total,Italy,2024,1653381.866
Gross available energy,Total,Lithuania,2005,106117.025
Gross available energy,Total,Lithuania,2006,104775.264
Gross available energy,Total,Lithuania,2007,113061.994
Gross available energy,Total,Lithuania,2008,113029.809
Gross available energy,Total,Lithuania,2009,104302.588
Gross available energy,Total,Lithuania,2010,83977.26
Gross available energy,Total,Lithuania,2011,87067.45
Gross available energy,Total,Lithuania,2012,87676.33
Gross available energy,Total,Lithuania,2013,82609.336
Gross available energy,Total,Lithuania,2014,82237.008
Gross available energy,Total,Lithuania,2015,84435.041
Gross available energy,Total,Lithuania,2016,87437.613
Gross available energy,Total,Lithuania,2017,91510.79
Gross available energy,Total,Lithuania,2018,93438.302
Gross available energy,Total,Lithuania,2019,93000.989
Gross available energy,Total,Lithuania,2020,90883.532
Gross available energy,Total,Lithuania,2021,94626.803
Gross available energy,Total,Lithuania,2022,84742.333
Gross available energy,Total,Lithuania,2023,85135.092
Gross available energy,Total,Lithuania,2024,89200.43
Gross available energy,Total,Luxembourg,2005,55847.359
Gross available energy,Total,Luxembourg,2006,54944.757
Gross available energy,Total,Luxembourg,2007,53899.249
Gross available energy,Total,Luxembourg,2008,53946.459
Gross available energy,Total,Luxembourg,2009,50806.677
Gross available energy,Total,Luxembourg,2010,54010.416
Gross available energy,Total,Luxembourg,2011,53145.138
Gross available energy,Total,Luxembourg,2012,51877.949
Gross available energy,Total,Luxembourg,2013,50475.114
Gross available energy,Total,Luxembourg,2014,49102.037
Gross available energy,Total,Luxembourg,2015,48592.903
Gross available energy,Total,Luxembourg,2016,48735.613
Gross available energy,Total,Luxembourg,2017,50362.424
Gross available energy,Total,Luxembourg,2018,52390.114
Gross available energy,Total,Luxembourg,2019,52865.95
Gross available energy,Total,Luxembourg,2020,46142.318
Gross available energy,Total,Luxembourg,2021,49098.579
Gross available energy,Total,Luxembourg,2022,44412.311
Gross available energy,Total,Luxembourg,2023,42528.399
Gross available energy,Total,Luxembourg,2024,42550.393
Gross available energy,Total,Latvia,2005,56395.187
Gross available energy,Total,Latvia,2006,57706.678
Gross available energy,Total,Latvia,2007,58893.864
Gross available energy,Total,Latvia,2008,56980.96
Gross available energy,Total,Latvia,2009,55627.711
Gross available energy,Total,Latvia,2010,56763.809
Gross available energy,Total,Latvia,2011,53403.728
Gross available energy,Total,Latvia,2012,55571.386
Gross available energy,Total,Latvia,2013,54732.809
Gross available energy,Total,Latvia,2014,54477.348
Gross available energy,Total,Latvia,2015,53895.428
Gross available energy,Total,Latvia,2016,54738.796
Gross available energy,Total,Latvia,2017,55952.026
Gross available energy,Total,Latvia,2018,56187.014
Gross available energy,Total,Latvia,2019,57450.72
Gross available energy,Total,Latvia,2020,53124.566
Gross available energy,Total,Latvia,2021,55679.444
Gross available energy,Total,Latvia,2022,52112.675
Gross available energy,Total,Latvia,2023,51424.455
Gross available energy,Total,Latvia,2024,50781.018
Gross available energy,Total,Malta,2005,18539.833
Gross available energy,Total,Malta,2006,19650.167
Gross available energy,Total,Malta,2007,20943.833
Gross available energy,Total,Malta,2008,21964.389
Gross available energy,Total,Malta,2009,23575.556
Gross available energy,Total,Malta,2010,27769.941
Gross available energy,Total,Malta,2011,26409.966
Gross available energy,Total,Malta,2012,25194.364
Gross available energy,Total,Malta,2013,24060.098
Gross available energy,Total,Malta,2014,24604.973
Gross available energy,Total,Malta,2015,26685.359
Gross available energy,Total,Malta,2016,28731.27
Gross available energy,Total,Malta,2017,34416.836
Gross available energy,Total,Malta,2018,35515.849
Gross available energy,Total,Malta,2019,36793.068
Gross available energy,Total,Malta,2020,34272.196
Gross available energy,Total,Malta,2021,31851.396
Gross available energy,Total,Malta,2022,35389.58
Gross available energy,Total,Malta,2023,37124.866
Gross available energy,Total,Malta,2024,35643.173
Gross available energy,Total,Netherlands,2005,1155096.746
Gross available energy,Total,Netherlands,2006,1159592.819
Gross available energy,Total,Netherlands,2007,1160896.667
Gross available energy,Total,Netherlands,2008,1146127.369
Gross available energy,Total,Netherlands,2009,1106981.134
Gross available energy,Total,Netherlands,2010,1163158.222
Gross available energy,Total,Netherlands,2011,1110407.908
Gross available energy,Total,Netherlands,2012,1098287.956
Gross available energy,Total,Netherlands,2013,1072739.465
Gross available energy,Total,Netherlands,2014,1022667.979
Gross available energy,Total,Netherlands,2015,1028464.324
Gross available energy,Total,Netherlands,2016,1047310.399
Gross available energy,Total,Netherlands,2017,1059636.911
Gross available energy,Total,Netherlands,2018,1037430.576
Gross available energy,Total,Netherlands,2019,1019395.249
Gross available energy,Total,Netherlands,2020,973967.01
Gross available energy,Total,Netherlands,2021,996909.142
Gross available energy,Total,Netherlands,2022,916318.28
Gross available energy,Total,Netherlands,2023,882558.308
Gross available energy,Total,Netherlands,2024,899986.783
Gross available energy,Total,Poland,2005,1080488.096
Gross available energy,Total,Poland,2006,1137815.532
Gross available energy,Total,Poland,2007,1132880.36
Gross available energy,Total,Poland,2008,1146246.82
Gross available energy,Total,Poland,2009,1099076.005
Gross available energy,Total,Poland,2010,1184156.645
Gross available energy,Total,Poland,2011,1184347.309
Gross available energy,Total,Poland,2012,1139007.069
Gross available energy,Total,Poland,2013,1147160.079
Gross available energy,Total,Poland,2014,1104500.682
Gross available energy,Total,Poland,2015,1117192.044
Gross available energy,Total,Poland,2016,1171898.38
Gross available energy,Total,Poland,2017,1226878.928
Gross available energy,Total,Poland,2018,1282168.259
Gross available energy,Total,Poland,2019,1236825.185
Gross available energy,Total,Poland,2020,1200927.253
Gross available energy,Total,Poland,2021,1278577.183
Gross available energy,Total,Poland,2022,1218233.64
Gross available energy,Total,Poland,2023,1144554.35
Gross available energy,Total,Poland,2024,1142790.844
Gross available energy,Total,Portugal,2005,325819.297
Gross available energy,Total,Portugal,2006,311117.344
Gross available energy,Total,Portugal,2007,310424.096
Gross available energy,Total,Portugal,2008,303737.693
Gross available energy,Total,Portugal,2009,298351.013
Gross available energy,Total,Portugal,2010,288910.327
Gross available energy,Total,Portugal,2011,282943.003
Gross available energy,Total,Portugal,2012,267095.609
Gross available energy,Total,Portugal,2013,267957.695
Gross available energy,Total,Portugal,2014,271218.258
Gross available energy,Total,Portugal,2015,281797.221
Gross available energy,Total,Portugal,2016,282423.862
Gross available energy,Total,Portugal,2017,295633.286
Gross available energy,Total,Portugal,2018,288925.243
Gross available energy,Total,Portugal,2019,289097.433
Gross available energy,Total,Portugal,2020,256868.162
Gross available energy,Total,Portugal,2021,258224.738
Gross available energy,Total,Portugal,2022,270851.632
Gross available energy,Total,Portugal,2023,263728.023
Gross available energy,Total,Portugal,2024,260171.325
Gross available energy,Total,Romania,2005,449921.541
Gross available energy,Total,Romania,2006,466339.695
Gross available energy,Total,Romania,2007,463337.028
Gross available energy,Total,Romania,2008,461587.113
Gross available energy,Total,Romania,2009,404810.154
Gross available energy,Total,Romania,2010,407293.559
Gross available energy,Total,Romania,2011,415895.954
Gross available energy,Total,Romania,2012,407035.537
Gross available energy,Total,Romania,2013,371106.544
Gross available energy,Total,Romania,2014,368268.79
Gross available energy,Total,Romania,2015,371201.087
Gross available energy,Total,Romania,2016,370140.671
Gross available energy,Total,Romania,2017,390331.798
Gross available energy,Total,Romania,2018,390887.076
Gross available energy,Total,Romania,2019,386574.228
Gross available energy,Total,Romania,2020,375241.363
Gross available energy,Total,Romania,2021,399199.559
Gross available energy,Total,Romania,2022,368350.011
Gross available energy,Total,Romania,2023,358115.74
Gross available energy,Total,Romania,2024,356603.648
Gross available energy,Total,Sweden,2005,620405.328
Gross available energy,Total,Sweden,2006,607050.799
Gross available energy,Total,Sweden,2007,603921.603
Gross available energy,Total,Sweden,2008,600578.498
Gross available energy,Total,Sweden,2009,545871.554
Gross available energy,Total,Sweden,2010,609613.727
Gross available energy,Total,Sweden,2011,611271.84
Gross available energy,Total,Sweden,2012,609386.257
Gross available energy,Total,Sweden,2013,598951.237
Gross available energy,Total,Sweden,2014,593601.003
Gross available energy,Total,Sweden,2015,568153.395
Gross available energy,Total,Sweden,2016,594263.768
Gross available energy,Total,Sweden,2017,612323.604
Gross available energy,Total,Sweden,2018,614617.338
Gross available energy,Total,Sweden,2019,602028.649
Gross available energy,Total,Sweden,2020,550581.824
Gross available energy,Total,Sweden,2021,578219.012
Gross available energy,Total,Sweden,2022,557271.474
Gross available energy,Total,Sweden,2023,546072.702
Gross available energy,Total,Sweden,2024,548771.428
Gross available energy,Total,Slovenia,2005,88204.984
Gross available energy,Total,Slovenia,2006,87718.675
Gross available energy,Total,Slovenia,2007,89019.084
Gross available energy,Total,Slovenia,2008,94015.144
Gross available energy,Total,Slovenia,2009,82522.577
Gross available energy,Total,Slovenia,2010,84576.727
Gross available energy,Total,Slovenia,2011,84569.957
Gross available energy,Total,Slovenia,2012,81539.614
Gross available energy,Total,Slovenia,2013,79569.15
Gross available energy,Total,Slovenia,2014,76883.408
Gross available energy,Total,Slovenia,2015,76403.475
Gross available energy,Total,Slovenia,2016,79574.23
Gross available energy,Total,Slovenia,2017,82240.613
Gross available energy,Total,Slovenia,2018,82373.749
Gross available energy,Total,Slovenia,2019,80643.31
Gross available energy,Total,Slovenia,2020,75097.138
Gross available energy,Total,Slovenia,2021,77139.249
Gross available energy,Total,Slovenia,2022,74146.064
Gross available energy,Total,Slovenia,2023,70719.806
Gross available energy,Total,Slovenia,2024,73441.081
Gross available energy,Total,Slovakia,2005,217468.644
Gross available energy,Total,Slovakia,2006,215627.949
Gross available energy,Total,Slovakia,2007,206504.363
Gross available energy,Total,Slovakia,2008,212393.463
Gross available energy,Total,Slovakia,2009,194106.947
Gross available energy,Total,Slovakia,2010,214320.042
Gross available energy,Total,Slovakia,2011,207770.665
Gross available energy,Total,Slovakia,2012,201217.944
Gross available energy,Total,Slovakia,2013,202970.16
Gross available energy,Total,Slovakia,2014,187601.505
Gross available energy,Total,Slovakia,2015,195971.046
Gross available energy,Total,Slovakia,2016,197754.384
Gross available energy,Total,Slovakia,2017,207983.163
Gross available energy,Total,Slovakia,2018,203921.389
Gross available energy,Total,Slovakia,2019,197922.388
Gross available energy,Total,Slovakia,2020,191274.169
Gross available energy,Total,Slovakia,2021,206930.882
Gross available energy,Total,Slovakia,2022,193367.417
Gross available energy,Total,Slovakia,2023,191185.32
Gross available energy,Total,Slovakia,2024,182936.069
Imports,Total,Austria,2005,334195.315
Imports,Total,Austria,2006,330282.635
Imports,Total,Austria,2007,317176.391
Imports,Total,Austria,2008,323384.3
Imports,Total,Austria,2009,296037.923
Imports,Total,Austria,2010,302444.038
Imports,Total,Austria,2011,322952.128
Imports,Total,Austria,2012,304362.953
Imports,Total,Austria,2013,294758.024
Imports,Total,Austria,2014,305130.863
Imports,Total,Austria,2015,295111.273
Imports,Total,Austria,2016,304551.683
Imports,Total,Austria,2017,320411.019
Imports,Total,Austria,2018,318399.078
Imports,Total,Austria,2019,355183.793
Imports,Total,Austria,2020,282997.635
Imports,Total,Austria,2021,269172.527
Imports,Total,Austria,2022,329897.74
Imports,Total,Austria,2023,282162.615
Imports,Total,Austria,2024,259404.911
Imports,Total,Belgium,2005,940196.969
Imports,Total,Belgium,2006,920136.39
Imports,Total,Belgium,2007,909854.227
Imports,Total,Belgium,2008,956881.753
Imports,Total,Belgium,2009,896471.885
Imports,Total,Belgium,2010,958788.965
Imports,Total,Belgium,2011,908642.252
Imports,Total,Belgium,2012,883612.074
Imports,Total,Belgium,2013,913002.201
Imports,Total,Belgium,2014,917598.06
Imports,Total,Belgium,2015,947631.021
Imports,Total,Belgium,2016,921435.101
Imports,Total,Belgium,2017,971075.362
Imports,Total,Belgium,2018,1020718.566
Imports,Total,Belgium,2019,1023188.512
Imports,Total,Belgium,2020,894695.557
Imports,Total,Belgium,2021,946166.457
Imports,Total,Belgium,2022,957239.577
Imports,Total,Belgium,2023,955044.17
Imports,Total,Belgium,2024,929600.441
Imports,Total,Bulgaria,2005,150449.05
Imports,Total,Bulgaria,2006,164107.291
Imports,Total,Bulgaria,2007,174034.298
Imports,Total,Bulgaria,2008,175396.11
Imports,Total,Bulgaria,2009,138859.889
Imports,Total,Bulgaria,2010,136552.894
Imports,Total,Bulgaria,2011,137788.764
Imports,Total,Bulgaria,2012,140071.199
Imports,Total,Bulgaria,2013,139582.317
Imports,Total,Bulgaria,2014,135911.462
Imports,Total,Bulgaria,2015,148494.978
Imports,Total,Bulgaria,2016,148480.117
Imports,Total,Bulgaria,2017,154661.849
Imports,Total,Bulgaria,2018,134872.856
Imports,Total,Bulgaria,2019,145976.423
Imports,Total,Bulgaria,2020,122277.536
Imports,Total,Bulgaria,2021,117522.344
Imports,Total,Bulgaria,2022,149715.989
Imports,Total,Bulgaria,2023,131666.236
Imports,Total,Bulgaria,2024,138283.259
Imports,Total,Cyprus,2005,33206.917
Imports,Total,Cyprus,2006,35059.769
Imports,Total,Cyprus,2007,33885.04
Imports,Total,Cyprus,2008,35956.734
Imports,Total,Cyprus,2009,34251.22
Imports,Total,Cyprus,2010,34469.736
Imports,Total,Cyprus,2011,31226.69
Imports,Total,Cyprus,2012,30782.804
Imports,Total,Cyprus,2013,27266.958
Imports,Total,Cyprus,2014,26816.988
Imports,Total,Cyprus,2015,29050.956
Imports,Total,Cyprus,2016,30856.297
Imports,Total,Cyprus,2017,31536.554
Imports,Total,Cyprus,2018,31220.743
Imports,Total,Cyprus,2019,31333.486
Imports,Total,Cyprus,2020,27726.446
Imports,Total,Cyprus,2021,28108.694
Imports,Total,Cyprus,2022,30807.019
Imports,Total,Cyprus,2023,30504.649
Imports,Total,Cyprus,2024,30293.529
Imports,Total,Czechia,2005,244231.029
Imports,Total,Czechia,2006,254077.167
Imports,Total,Czechia,2007,240691.032
Imports,Total,Czechia,2008,246270.308
Imports,Total,Czechia,2009,235560.061
Imports,Total,Czechia,2010,240023.883
Imports,Total,Czechia,2011,248569.671
Imports,Total,Czechia,2012,228579.554
Imports,Total,Czechia,2013,236570.423
Imports,Total,Czechia,2014,245222.519
Imports,Total,Czechia,2015,254962.328
Imports,Total,Czechia,2016,251299.688
Imports,Total,Czechia,2017,277827.385
Imports,Total,Czechia,2018,268454.683
Imports,Total,Czechia,2019,278897.085
Imports,Total,Czechia,2020,246160.611
Imports,Total,Czechia,2021,276824.573
Imports,Total,Czechia,2022,279094.612
Imports,Total,Czechia,2023,252493.614
Imports,Total,Czechia,2024,237067.604
Imports,Total,Germany,2005,3050647.357
Imports,Total,Germany,2006,3110075.445
Imports,Total,Germany,2007,2903247.88
Imports,Total,Germany,2008,2981368.57
Imports,Total,Germany,2009,2770926.737
Imports,Total,Germany,2010,2884973.084
Imports,Total,Germany,2011,2799378.904
Imports,Total,Germany,2012,2805300.594
Imports,Total,Germany,2013,2972825.412
Imports,Total,Germany,2014,2874040.337
Imports,Total,Germany,2015,3019584.937
Imports,Total,Germany,2016,3000311.297
Imports,Total,Germany,2017,3115981.413
Imports,Total,Germany,2018,2724407.814
Imports,Total,Germany,2019,2788984.414
Imports,Total,Germany,2020,2494739.48
Imports,Total,Germany,2021,2612994.79
Imports,Total,Germany,2022,2713918.791
Imports,Total,Germany,2023,2387697.017
Imports,Total,Germany,2024,2406344.916
Imports,Total,Denmark,2005,161913.136
Imports,Total,Denmark,2006,170201.894
Imports,Total,Denmark,2007,166208.208
Imports,Total,Denmark,2008,183588.73
Imports,Total,Denmark,2009,170442.518
Imports,Total,Denmark,2010,164496.652
Imports,Total,Denmark,2011,184544.689
Imports,Total,Denmark,2012,183676.916
Imports,Total,Denmark,2013,218431.757
Imports,Total,Denmark,2014,205129.079
Imports,Total,Denmark,2015,218781.409
Imports,Total,Denmark,2016,212156.416
Imports,Total,Denmark,2017,186828.975
Imports,Total,Denmark,2018,186798.498
Imports,Total,Denmark,2019,210151.328
Imports,Total,Denmark,2020,211777.242
Imports,Total,Denmark,2021,196732.934
Imports,Total,Denmark,2022,203070.019
Imports,Total,Denmark,2023,255115.256
Imports,Total,Denmark,2024,255331.725
Imports,Total,Estonia,2005,23807.256
Imports,Total,Estonia,2006,25904.419
Imports,Total,Estonia,2007,28113.915
Imports,Total,Estonia,2008,26015.382
Imports,Total,Estonia,2009,23896.638
Imports,Total,Estonia,2010,21599.466
Imports,Total,Estonia,2011,21625.333
Imports,Total,Estonia,2012,35988.468
Imports,Total,Estonia,2013,29145.741
Imports,Total,Estonia,2014,31721.933
Imports,Total,Estonia,2015,30000.686
Imports,Total,Estonia,2016,30174.742
Imports,Total,Estonia,2017,29769.554
Imports,Total,Estonia,2018,32620.756
Imports,Total,Estonia,2019,31938.589
Imports,Total,Estonia,2020,38268.995
Imports,Total,Estonia,2021,36671.306
Imports,Total,Estonia,2022,31514.491
Imports,Total,Estonia,2023,27558.403
Imports,Total,Estonia,2024,26063.455
Imports,Total,Greece,2005,340729.167
Imports,Total,Greece,2006,369840.892
Imports,Total,Greece,2007,373291.852
Imports,Total,Greece,2008,382066.823
Imports,Total,Greece,2009,364028.737
Imports,Total,Greece,2010,362083.387
Imports,Total,Greece,2011,344208.786
Imports,Total,Greece,2012,376098.258
Imports,Total,Greece,2013,358100.212
Imports,Total,Greece,2014,379697.472
Imports,Total,Greece,2015,405350.814
Imports,Total,Greece,2016,429766.096
Imports,Total,Greece,2017,446215.406
Imports,Total,Greece,2018,453008.954
Imports,Total,Greece,2019,441895.51
Imports,Total,Greece,2020,432472.048
Imports,Total,Greece,2021,450752.935
Imports,Total,Greece,2022,437322.169
Imports,Total,Greece,2023,419674.285
Imports,Total,Greece,2024,430303.554
Imports,Total,Spain,2005,1559525.728
Imports,Total,Spain,2006,1582707.261
Imports,Total,Spain,2007,1593478.963
Imports,Total,Spain,2008,1583532.478
Imports,Total,Spain,2009,1454547.391
Imports,Total,Spain,2010,1418435.278
Imports,Total,Spain,2011,1420821.578
Imports,Total,Spain,2012,1459735.428
Imports,Total,Spain,2013,1389506.486
Imports,Total,Spain,2014,1437865.547
Imports,Total,Spain,2015,1455647.246
Imports,Total,Spain,2016,1453046.465
Imports,Total,Spain,2017,1560563.279
Imports,Total,Spain,2018,1543740.615
Imports,Total,Spain,2019,1511522.342
Imports,Total,Spain,2020,1269698.168
Imports,Total,Spain,2021,1359411.365
Imports,Total,Spain,2022,1476680.785
Imports,Total,Spain,2023,1392833.545
Imports,Total,Spain,2024,1372123.235
Imports,Total,Finland,2005,285537.577
Imports,Total,Finland,2006,311514.483
Imports,Total,Finland,2007,313837.739
Imports,Total,Finland,2008,315009.801
Imports,Total,Finland,2009,299911.332
Imports,Total,Finland,2010,298492.609
Imports,Total,Finland,2011,315097.844
Imports,Total,Finland,2012,283010.779
Imports,Total,Finland,2013,308904.834
Imports,Total,Finland,2014,309316.78
Imports,Total,Finland,2015,271590.755
Imports,Total,Finland,2016,294862.01
Imports,Total,Finland,2017,286524.425
Imports,Total,Finland,2018,293985.82
Imports,Total,Finland,2019,291393.306
Imports,Total,Finland,2020,274644.182
Imports,Total,Finland,2021,235078.714
Imports,Total,Finland,2022,258510.009
Imports,Total,Finland,2023,222235.938
Imports,Total,Finland,2024,219039.775
Imports,Total,France,2005,2089455.646
Imports,Total,France,2006,2063934.383
Imports,Total,France,2007,1993627.701
Imports,Total,France,2008,2064522.62
Imports,Total,France,2009,1928356.065
Imports,Total,France,2010,1893079.61
Imports,Total,France,2011,1916287.183
Imports,Total,France,2012,1856771.856
Imports,Total,France,2013,1840858.094
Imports,Total,France,2014,1739498.091
Imports,Total,France,2015,1764647.97
Imports,Total,France,2016,1746915.047
Imports,Total,France,2017,1810674.035
Imports,Total,France,2018,1757790.113
Imports,Total,France,2019,1786207.943
Imports,Total,France,2020,1470047.922
Imports,Total,France,2021,1529142.899
Imports,Total,France,2022,1696318.579
Imports,Total,France,2023,1570307.033
Imports,Total,France,2024,1505719.169
Imports,Total,Croatia,2005,91110.497
Imports,Total,Croatia,2006,90353.341
Imports,Total,Croatia,2007,95023.572
Imports,Total,Croatia,2008,97577.544
Imports,Total,Croatia,2009,89151.771
Imports,Total,Croatia,2010,88549.571
Imports,Total,Croatia,2011,83781.453
Imports,Total,Croatia,2012,79706.906
Imports,Total,Croatia,2013,79309.003
Imports,Total,Croatia,2014,74721.409
Imports,Total,Croatia,2015,83688.976
Imports,Total,Croatia,2016,87265.114
Imports,Total,Croatia,2017,95528.089
Imports,Total,Croatia,2018,93563.326
Imports,Total,Croatia,2019,93677.044
Imports,Total,Croatia,2020,88881.344
Imports,Total,Croatia,2021,93963.117
Imports,Total,Croatia,2022,102712.052
Imports,Total,Croatia,2023,101546.33
Imports,Total,Croatia,2024,108874.397
Imports,Total,Hungary,2005,252800.481
Imports,Total,Hungary,2006,253281.744
Imports,Total,Hungary,2007,245608.163
Imports,Total,Hungary,2008,248925.096
Imports,Total,Hungary,2009,207992.393
Imports,Total,Hungary,2010,218845.354
Imports,Total,Hungary,2011,203174.774
Imports,Total,Hungary,2012,199925.156
Imports,Total,Hungary,2013,200046.944
Imports,Total,Hungary,2014,223586.364
Imports,Total,Hungary,2015,209969.47
Imports,Total,Hungary,2016,214074.011
Imports,Total,Hungary,2017,246331.677
Imports,Total,Hungary,2018,237233.149
Imports,Total,Hungary,2019,270900.439
Imports,Total,Hungary,2020,221433.681
Imports,Total,Hungary,2021,220940.921
Imports,Total,Hungary,2022,236308.79
Imports,Total,Hungary,2023,221980.995
Imports,Total,Hungary,2024,201596.377
Imports,Total,Ireland,2005,179593.713
Imports,Total,Ireland,2006,180916.42
Imports,Total,Ireland,2007,179784.355
Imports,Total,Ireland,2008,182660.966
Imports,Total,Ireland,2009,167619.128
Imports,Total,Ireland,2010,172395.591
Imports,Total,Ireland,2011,166379.966
Imports,Total,Ireland,2012,159169.028
Imports,Total,Ireland,2013,158160.153
Imports,Total,Ireland,2014,151242.967
Imports,Total,Ireland,2015,169689.578
Imports,Total,Ireland,2016,142056.871
Imports,Total,Ireland,2017,138911.997
Imports,Total,Ireland,2018,140285.094
Imports,Total,Ireland,2019,140168.009
Imports,Total,Ireland,2020,135407.093
Imports,Total,Ireland,2021,149339.598
Imports,Total,Ireland,2022,154915.89
Imports,Total,Ireland,2023,146053.0
Imports,Total,Ireland,2024,149453.825
Imports,Total,Italy,2005,2210192.549
Imports,Total,Italy,2006,2234706.114
Imports,Total,Italy,2007,2208179.664
Imports,Total,Italy,2008,2159445.518
Imports,Total,Italy,2009,1964805.085
Imports,Total,Italy,2010,2083632.236
Imports,Total,Italy,2011,1970113.37
Imports,Total,Italy,2012,1895652.429
Imports,Total,Italy,2013,1729320.678
Imports,Total,Italy,2014,1594082.49
Imports,Total,Italy,2015,1752183.308
Imports,Total,Italy,2016,1774692.768
Imports,Total,Italy,2017,1836727.427
Imports,Total,Italy,2018,1778686.094
Imports,Total,Italy,2019,1766630.346
Imports,Total,Italy,2020,1525019.107
Imports,Total,Italy,2021,1676915.878
Imports,Total,Italy,2022,1770676.81
Imports,Total,Italy,2023,1620035.242
Imports,Total,Italy,2024,1533925.172
Imports,Total,Lithuania,2005,148872.226
Imports,Total,Lithuania,2006,145210.295
Imports,Total,Lithuania,2007,120842.806
Imports,Total,Lithuania,2008,156750.213
Imports,Total,Lithuania,2009,141413.008
Imports,Total,Lithuania,2010,159539.862
Imports,Total,Lithuania,2011,165598.532
Imports,Total,Lithuania,2012,163485.856
Imports,Total,Lithuania,2013,165396.837
Imports,Total,Lithuania,2014,148160.538
Imports,Total,Lithuania,2015,166821.228
Imports,Total,Lithuania,2016,172148.568
Imports,Total,Lithuania,2017,171974.507
Imports,Total,Lithuania,2018,166399.044
Imports,Total,Lithuania,2019,170333.19
Imports,Total,Lithuania,2020,148967.913
Imports,Total,Lithuania,2021,149576.094
Imports,Total,Lithuania,2022,165611.521
Imports,Total,Lithuania,2023,167010.64
Imports,Total,Lithuania,2024,153493.628
Imports,Total,Luxembourg,2005,57709.345
Imports,Total,Luxembourg,2006,57444.383
Imports,Total,Luxembourg,2007,55140.301
Imports,Total,Luxembourg,2008,55263.491
Imports,Total,Luxembourg,2009,52383.852
Imports,Total,Luxembourg,2010,55766.497
Imports,Total,Luxembourg,2011,54439.492
Imports,Total,Luxembourg,2012,53370.162
Imports,Total,Luxembourg,2013,51091.581
Imports,Total,Luxembourg,2014,49655.63
Imports,Total,Luxembourg,2015,48876.867
Imports,Total,Luxembourg,2016,48783.585
Imports,Total,Luxembourg,2017,50071.338
Imports,Total,Luxembourg,2018,51522.612
Imports,Total,Luxembourg,2019,51384.322
Imports,Total,Luxembourg,2020,43944.084
Imports,Total,Luxembourg,2021,46647.957
Imports,Total,Luxembourg,2022,42127.811
Imports,Total,Luxembourg,2023,40253.223
Imports,Total,Luxembourg,2024,40260.06
Imports,Total,Latvia,2005,47098.15
Imports,Total,Latvia,2006,46752.851
Imports,Total,Latvia,2007,45194.478
Imports,Total,Latvia,2008,41695.842
Imports,Total,Latvia,2009,45073.411
Imports,Total,Latvia,2010,38727.945
Imports,Total,Latvia,2011,47271.412
Imports,Total,Latvia,2012,48523.264
Imports,Total,Latvia,2013,50559.267
Imports,Total,Latvia,2014,43993.329
Imports,Total,Latvia,2015,52400.582
Imports,Total,Latvia,2016,50476.171
Imports,Total,Latvia,2017,48544.792
Imports,Total,Latvia,2018,51321.398
Imports,Total,Latvia,2019,49900.821
Imports,Total,Latvia,2020,45812.351
Imports,Total,Latvia,2021,45266.706
Imports,Total,Latvia,2022,44353.204
Imports,Total,Latvia,2023,40509.137
Imports,Total,Latvia,2024,42828.452
Imports,Total,Malta,2005,18533.722
Imports,Total,Malta,2006,19642.667
Imports,Total,Malta,2007,20934.667
Imports,Total,Malta,2008,21953.833
Imports,Total,Malta,2009,23665.556
Imports,Total,Malta,2010,27693.333
Imports,Total,Malta,2011,26789.246
Imports,Total,Malta,2012,25535.316
Imports,Total,Malta,2013,26803.934
Imports,Total,Malta,2014,26358.211
Imports,Total,Malta,2015,32139.032
Imports,Total,Malta,2016,32281.286
Imports,Total,Malta,2017,37250.037
Imports,Total,Malta,2018,38747.587
Imports,Total,Malta,2019,40188.306
Imports,Total,Malta,2020,35693.498
Imports,Total,Malta,2021,32171.549
Imports,Total,Malta,2022,35440.957
Imports,Total,Malta,2023,37287.199
Imports,Total,Malta,2024,35534.598
Imports,Total,Netherlands,2005,1778278.746
Imports,Total,Netherlands,2006,1864848.638
Imports,Total,Netherlands,2007,1817809.341
Imports,Total,Netherlands,2008,1869341.325
Imports,Total,Netherlands,2009,1923969.39
Imports,Total,Netherlands,2010,2034798.303
Imports,Total,Netherlands,2011,1993139.983
Imports,Total,Netherlands,2012,2106494.403
Imports,Total,Netherlands,2013,2081455.229
Imports,Total,Netherlands,2014,2067266.873
Imports,Total,Netherlands,2015,2285636.97
Imports,Total,Netherlands,2016,2319342.665
Imports,Total,Netherlands,2017,2096697.511
Imports,Total,Netherlands,2018,2127593.688
Imports,Total,Netherlands,2019,2124212.495
Imports,Total,Netherlands,2020,1924421.29
Imports,Total,Netherlands,2021,2038555.704
Imports,Total,Netherlands,2022,2177838.903
Imports,Total,Netherlands,2023,2078942.694
Imports,Total,Netherlands,2024,2006593.967
Imports,Total,Poland,2005,419967.977
Imports,Total,Poland,2006,464697.823
Imports,Total,Poland,2007,489291.173
Imports,Total,Poland,2008,519144.561
Imports,Total,Poland,2009,500506.613
Imports,Total,Poland,2010,551058.134
Imports,Total,Poland,2011,580549.556
Imports,Total,Poland,2012,550777.817
Imports,Total,Poland,2013,534264.114
Imports,Total,Poland,2014,552227.437
Imports,Total,Poland,2015,578104.393
Imports,Total,Poland,2016,603286.877
Imports,Total,Poland,2017,673165.936
Imports,Total,Poland,2018,746125.873
Imports,Total,Poland,2019,736493.594
Imports,Total,Poland,2020,680262.301
Imports,Total,Poland,2021,694755.272
Imports,Total,Poland,2022,747781.307
Imports,Total,Poland,2023,736506.439
Imports,Total,Poland,2024,695891.846
Imports,Total,Portugal,2005,319440.62
Imports,Total,Portugal,2006,304569.478
Imports,Total,Portugal,2007,284812.194
Imports,Total,Portugal,2008,285246.489
Imports,Total,Portugal,2009,272901.516
Imports,Total,Portugal,2010,256757.076
Imports,Total,Portugal,2011,260175.608
Imports,Total,Portugal,2012,261743.425
Imports,Total,Portugal,2013,271547.256
Imports,Total,Portugal,2014,257010.66
Imports,Total,Portugal,2015,305272.329
Imports,Total,Portugal,2016,296591.039
Imports,Total,Portugal,2017,323993.004
Imports,Total,Portugal,2018,293615.76
Imports,Total,Portugal,2019,279962.299
Imports,Total,Portugal,2020,240451.824
Imports,Total,Portugal,2021,240609.578
Imports,Total,Portugal,2022,252555.47
Imports,Total,Portugal,2023,230829.95
Imports,Total,Portugal,2024,233739.796
Imports,Total,Romania,2005,198039.876
Imports,Total,Romania,2006,204268.779
Imports,Total,Romania,2007,202000.69
Imports,Total,Romania,2008,191886.909
Imports,Total,Romania,2009,133421.974
Imports,Total,Romania,2010,133101.393
Imports,Total,Romania,2011,138231.59
Imports,Total,Romania,2012,138414.39
Imports,Total,Romania,2013,120900.972
Imports,Total,Romania,2014,129007.291
Imports,Total,Romania,2015,132758.106
Imports,Total,Romania,2016,153512.436
Imports,Total,Romania,2017,160172.429
Imports,Total,Romania,2018,166182.636
Imports,Total,Romania,2019,186510.23
Imports,Total,Romania,2020,164904.27
Imports,Total,Romania,2021,187846.162
Imports,Total,Romania,2022,194892.387
Imports,Total,Romania,2023,184695.086
Imports,Total,Romania,2024,195913.206
Imports,Total,Sweden,2005,382474.183
Imports,Total,Sweden,2006,375810.919
Imports,Total,Sweden,2007,362310.012
Imports,Total,Sweden,2008,391885.023
Imports,Total,Sweden,2009,361571.251
Imports,Total,Sweden,2010,394855.937
Imports,Total,Sweden,2011,378888.771
Imports,Total,Sweden,2012,375775.426
Imports,Total,Sweden,2013,338146.7
Imports,Total,Sweden,2014,373352.48
Imports,Total,Sweden,2015,384956.853
Imports,Total,Sweden,2016,426006.943
Imports,Total,Sweden,2017,410269.33
Imports,Total,Sweden,2018,414970.054
Imports,Total,Sweden,2019,358548.784
Imports,Total,Sweden,2020,374596.092
Imports,Total,Sweden,2021,361811.923
Imports,Total,Sweden,2022,374021.528
Imports,Total,Sweden,2023,361270.384
Imports,Total,Sweden,2024,369774.307
Imports,Total,Slovenia,2005,57159.258
Imports,Total,Slovenia,2006,57333.074
Imports,Total,Slovenia,2007,56193.395
Imports,Total,Slovenia,2008,64687.75
Imports,Total,Slovenia,2009,56858.473
Imports,Total,Slovenia,2010,60421.166
Imports,Total,Slovenia,2011,57758.805
Imports,Total,Slovenia,2012,60420.758
Imports,Total,Slovenia,2013,57730.635
Imports,Total,Slovenia,2014,61298.85
Imports,Total,Slovenia,2015,67045.466
Imports,Total,Slovenia,2016,72607.515
Imports,Total,Slovenia,2017,75973.108
Imports,Total,Slovenia,2018,76633.083
Imports,Total,Slovenia,2019,78655.416
Imports,Total,Slovenia,2020,66037.64
Imports,Total,Slovenia,2021,65055.818
Imports,Total,Slovenia,2022,76055.971
Imports,Total,Slovenia,2023,73324.645
Imports,Total,Slovenia,2024,76110.817
Imports,Total,Slovakia,2005,203096.46
Imports,Total,Slovakia,2006,201469.897
Imports,Total,Slovakia,2007,205846.334
Imports,Total,Slovakia,2008,196943.773
Imports,Total,Slovakia,2009,186519.602
Imports,Total,Slovakia,2010,183097.908
Imports,Total,Slovakia,2011,190759.174
Imports,Total,Slovakia,2012,174390.603
Imports,Total,Slovakia,2013,179659.543
Imports,Total,Slovakia,2014,170559.257
Imports,Total,Slovakia,2015,179974.04
Imports,Total,Slovakia,2016,176295.178
Imports,Total,Slovakia,2017,191090.482
Imports,Total,Slovakia,2018,178607.152
Imports,Total,Slovakia,2019,191809.981
Imports,Total,Slovakia,2020,164950.862
Imports,Total,Slovakia,2021,177769.126
Imports,Total,Slovakia,2022,190064.109
Imports,Total,Slovakia,2023,171164.265
Imports,Total,Slovakia,2024,155409.516
