year,country,renewable_share_pct,dependency_rate_pct
2005,Austria,20.96,71.76
2006,Austria,21.31,72.25
2007,Austria,23.51,68.48
2008,Austria,24.48,68.74
2009,Austria,26.72,65.12
2010,Austria,25.96,62.78
2011,Austria,25.26,69.98
2012,Austria,29.0,63.78
2013,Austria,28.36,61.26
2014,Austria,29.13,65.62
2015,Austria,28.54,60.38
2016,Austria,29.43,62.1
2017,Austria,29.22,63.93
2018,Austria,28.86,64.22
2019,Austria,29.76,71.6
2020,Austria,32.72,58.28
2021,Austria,31.57,51.95
2022,Austria,32.65,73.99
2023,Austria,36.49,60.32
2024,Austria,39.05,53.33
2005,Belgium,1.31,79.91
2006,Belgium,1.39,79.49
2007,Belgium,1.7,76.88
2008,Belgium,1.99,80.85
2009,Belgium,2.73,75.92
2010,Belgium,3.61,78.66
2011,Belgium,4.0,76.59
2012,Belgium,4.67,76.67
2013,Belgium,4.84,77.86
2014,Belgium,5.07,80.19
2015,Belgium,5.13,84.23
2016,Belgium,4.92,75.98
2017,Belgium,5.05,75.32
2018,Belgium,5.29,83.04
2019,Belgium,5.66,77.67
2020,Belgium,6.9,78.13
2021,Belgium,6.9,70.77
2022,Belgium,7.8,73.7
2023,Belgium,9.16,75.76
2024,Belgium,9.12,75.45
2005,Bulgaria,5.63,47.34
2006,Bulgaria,5.74,46.22
2007,Bulgaria,4.98,51.23
2008,Bulgaria,5.52,52.15
2009,Bulgaria,6.63,45.39
2010,Bulgaria,8.51,40.15
2011,Bulgaria,7.63,36.73
2012,Bulgaria,9.0,36.86
2013,Bulgaria,11.02,38.31
2014,Bulgaria,10.66,35.17
2015,Bulgaria,11.28,36.45
2016,Bulgaria,10.87,38.47
2017,Bulgaria,10.19,39.36
2018,Bulgaria,13.64,36.6
2019,Bulgaria,13.6,38.46
2020,Bulgaria,14.49,38.17
2021,Bulgaria,15.35,36.18
2022,Bulgaria,14.26,37.11
2023,Bulgaria,15.6,39.51
2024,Bulgaria,16.08,41.94
2005,Croatia,18.89,52.59
2006,Croatia,18.2,49.17
2007,Croatia,15.61,51.81
2008,Croatia,17.28,54.75
2009,Croatia,20.11,46.04
2010,Croatia,23.02,46.7
2011,Croatia,20.47,49.64
2012,Croatia,22.44,49.85
2013,Croatia,27.19,47.44
2014,Croatia,28.22,44.21
2015,Croatia,26.33,48.79
2016,Croatia,26.77,48.43
2017,Croatia,24.87,53.16
2018,Croatia,27.51,52.7
2019,Croatia,25.87,56.22
2020,Croatia,27.96,53.56
2021,Croatia,30.45,54.54
2022,Croatia,28.4,60.3
2023,Croatia,29.01,55.72
2024,Croatia,27.78,59.93
2005,Cyprus,1.68,100.7
2006,Cyprus,1.69,102.51
2007,Cyprus,2.19,95.89
2008,Cyprus,2.49,97.43
2009,Cyprus,2.74,96.13
2010,Cyprus,2.92,100.64
2011,Cyprus,3.48,92.26
2012,Cyprus,4.14,96.75
2013,Cyprus,4.7,96.07
2014,Cyprus,4.66,93.09
2015,Cyprus,5.03,97.32
2016,Cyprus,4.86,95.84
2017,Cyprus,5.0,95.93
2018,Cyprus,6.63,92.49
2019,Cyprus,7.0,92.79
2020,Cyprus,8.1,93.18
2021,Cyprus,8.56,89.52
2022,Cyprus,8.59,92.02
2023,Cyprus,9.11,92.2
2024,Cyprus,9.46,87.71
2005,Czechia,5.02,27.85
2006,Czechia,5.28,27.5
2007,Czechia,5.53,24.99
2008,Czechia,6.04,27.74
2009,Czechia,7.11,26.87
2010,Czechia,7.25,25.38
2011,Czechia,8.11,28.83
2012,Czechia,8.78,25.41
2013,Czechia,9.66,27.58
2014,Czechia,10.21,30.23
2015,Czechia,10.43,32.09
2016,Czechia,10.57,32.8
2017,Czechia,10.28,37.16
2018,Czechia,10.47,36.88
2019,Czechia,11.59,40.81
2020,Czechia,12.85,38.77
2021,Czechia,13.13,39.96
2022,Czechia,13.27,41.77
2023,Czechia,13.93,41.68
2024,Czechia,14.38,39.32
2005,Denmark,12.31,-50.62
2006,Denmark,11.55,-35.49
2007,Denmark,13.14,-24.25
2008,Denmark,13.17,-21.13
2009,Denmark,14.0,-18.8
2010,Denmark,14.86,-16.24
2011,Denmark,15.86,-6.31
2012,Denmark,16.48,-3.18
2013,Denmark,16.98,12.31
2014,Denmark,18.55,12.23
2015,Denmark,20.72,13.08
2016,Denmark,20.34,13.57
2017,Denmark,21.57,11.34
2018,Denmark,21.49,22.7
2019,Denmark,23.11,38.88
2020,Denmark,26.1,44.89
2021,Denmark,26.27,32.22
2022,Denmark,28.93,43.14
2023,Denmark,31.04,39.71
2024,Denmark,30.61,38.23
2005,Estonia,12.33,26.88
2006,Estonia,11.4,30.03
2007,Estonia,11.25,24.29
2008,Estonia,12.93,27.22
2009,Estonia,18.58,27.18
2010,Estonia,16.08,14.68
2011,Estonia,16.4,13.65
2012,Estonia,18.6,20.65
2013,Estonia,17.83,14.52
2014,Estonia,20.1,11.56
2015,Estonia,25.45,11.18
2016,Estonia,23.71,8.07
2017,Estonia,25.52,4.58
2018,Estonia,28.94,1.23
2019,Estonia,36.58,4.72
2020,Estonia,38.58,10.53
2021,Estonia,39.61,1.41
2022,Estonia,37.12,6.16
2023,Estonia,42.52,3.47
2024,Estonia,45.45,4.62
2005,Finland,23.09,54.46
2006,Finland,22.77,54.07
2007,Finland,23.11,53.32
2008,Finland,25.19,54.48
2009,Finland,23.41,54.79
2010,Finland,25.34,48.85
2011,Finland,25.65,53.9
2012,Finland,28.98,47.1
2013,Finland,29.43,49.64
2014,Finland,29.41,49.89
2015,Finland,31.56,47.9
2016,Finland,30.89,46.1
2017,Finland,33.75,43.87
2018,Finland,33.43,45.23
2019,Finland,34.15,42.89
2020,Finland,35.5,43.03
2021,Finland,38.8,37.93
2022,Finland,38.71,40.92
2023,Finland,39.13,29.71
2024,Finland,40.27,32.97
2005,France,5.68,51.7
2006,France,5.65,51.52
2007,France,6.12,50.42
2008,France,6.98,50.75
2009,France,7.44,50.65
2010,France,8.1,48.67
2011,France,7.26,49.01
2012,France,8.65,48.13
2013,France,9.55,47.93
2014,France,9.03,46.21
2015,France,9.29,45.89
2016,France,10.11,47.33
2017,France,9.87,48.7
2018,France,10.82,46.73
2019,France,10.89,47.58
2020,France,12.51,44.42
2021,France,12.33,44.04
2022,France,13.03,51.82
2023,France,14.13,44.77
2024,France,15.22,41.68
2005,Germany,5.15,60.74
2006,Germany,6.09,60.98
2007,Germany,7.45,58.52
2008,Germany,7.74,60.77
2009,Germany,8.29,61.1
2010,Germany,9.05,59.99
2011,Germany,9.91,61.8
2012,Germany,11.0,61.22
2013,Germany,11.15,62.41
2014,Germany,11.7,61.78
2015,Germany,12.41,62.13
2016,Germany,12.29,63.75
2017,Germany,13.07,63.96
2018,Germany,13.73,63.48
2019,Germany,14.76,67.06
2020,Germany,16.28,63.68
2021,Germany,15.85,63.39
2022,Germany,17.35,68.65
2023,Germany,19.21,66.83
2024,Germany,20.02,66.89
2005,Greece,5.02,68.2
2006,Greece,5.38,71.42
2007,Greece,4.97,70.86
2008,Greece,4.93,72.92
2009,Greece,5.66,67.34
2010,Greece,6.55,68.58
2011,Greece,6.77,64.68
2012,Greece,7.88,65.89
2013,Greece,9.72,61.75
2014,Greece,9.25,65.45
2015,Greece,10.45,71.05
2016,Greece,10.12,72.91
2017,Greece,10.5,71.28
2018,Greece,11.59,70.68
2019,Greece,11.76,74.1
2020,Greece,14.54,81.41
2021,Greece,15.79,73.82
2022,Greece,15.18,79.51
2023,Greece,17.06,75.45
2024,Greece,17.3,77.71
2005,Hungary,5.93,62.25
2006,Hungary,6.08,61.82
2007,Hungary,6.72,60.36
2008,Hungary,7.4,62.59
2009,Hungary,9.9,57.57
2010,Hungary,10.32,56.93
2011,Hungary,10.96,50.27
2012,Hungary,12.65,50.15
2013,Hungary,13.85,50.12
2014,Hungary,12.51,59.85
2015,Hungary,12.89,53.87
2016,Hungary,12.54,55.82
2017,Hungary,11.99,62.65
2018,Hungary,11.25,58.12
2019,Hungary,11.43,69.71
2020,Hungary,11.87,56.62
2021,Hungary,12.52,54.12
2022,Hungary,13.38,64.21
2023,Hungary,14.22,62.09
2024,Hungary,15.83,48.94
2005,Ireland,2.38,89.65
2006,Ireland,2.73,90.75
2007,Ireland,2.81,87.55
2008,Ireland,3.26,89.99
2009,Ireland,3.88,87.8
2010,Ireland,3.79,87.46
2011,Ireland,5.32,90.31
2012,Ireland,5.3,83.68
2013,Ireland,5.81,91.51
2014,Ireland,6.51,86.01
2015,Ireland,7.13,88.65
2016,Ireland,6.71,68.95
2017,Ireland,7.9,66.02
2018,Ireland,8.89,67.58
2019,Ireland,9.8,68.67
2020,Ireland,11.75,71.13
2021,Ireland,10.43,77.0
2022,Ireland,11.42,79.09
2023,Ireland,12.05,77.76
2024,Ireland,12.23,79.53
2005,Italy,6.95,83.35
2006,Italy,7.46,85.87
2007,Italy,8.4,83.0
2008,Italy,10.02,82.8
2009,Italy,11.03,80.78
2010,Italy,10.79,82.57
2011,Italy,10.49,81.35
2012,Italy,12.64,79.11
2013,Italy,14.64,76.74
2014,Italy,15.58,75.81
2015,Italy,14.95,77.03
2016,Italy,15.06,77.65
2017,Italy,16.4,76.98
2018,Italy,16.69,76.34
2019,Italy,17.14,77.48
2020,Italy,18.85,73.45
2021,Italy,17.86,73.42
2022,Italy,17.05,79.49
2023,Italy,18.23,75.36
2024,Italy,19.65,73.88
2005,Latvia,38.23,63.84
2006,Latvia,37.08,66.71
2007,Latvia,35.43,62.48
2008,Latvia,36.36,58.82
2009,Latvia,43.68,60.41
2010,Latvia,40.25,45.54
2011,Latvia,45.11,59.86
2012,Latvia,48.79,56.39
2013,Latvia,45.41,55.88
2014,Latvia,50.62,40.59
2015,Latvia,50.28,51.18
2016,Latvia,51.78,47.15
2017,Latvia,53.62,44.06
2018,Latvia,58.92,44.32
2019,Latvia,56.97,43.92
2020,Latvia,58.9,45.48
2021,Latvia,56.37,38.33
2022,Latvia,65.08,38.21
2023,Latvia,73.46,32.72
2024,Latvia,69.88,29.26
2005,Lithuania,9.86,55.33
2006,Lithuania,10.61,60.35
2007,Lithuania,9.92,59.11
2008,Lithuania,10.84,56.02
2009,Lithuania,13.05,48.05
2010,Lithuania,16.41,79.04
2011,Lithuania,15.52,78.6
2012,Lithuania,15.89,77.53
2013,Lithuania,18.14,75.56
2014,Lithuania,19.21,74.94
2015,Lithuania,20.19,75.45
2016,Lithuania,19.97,74.78
2017,Lithuania,21.05,71.96
2018,Lithuania,20.63,73.9
2019,Lithuania,20.7,75.2
2020,Lithuania,21.81,74.91
2021,Lithuania,23.01,73.27
2022,Lithuania,25.14,72.43
2023,Lithuania,27.27,69.5
2024,Lithuania,29.88,66.01
2005,Luxembourg,1.49,97.38
2006,Luxembourg,1.64,98.23
2007,Luxembourg,1.83,96.67
2008,Luxembourg,1.91,97.45
2009,Luxembourg,1.9,97.51
2010,Luxembourg,1.89,97.07
2011,Luxembourg,1.78,97.29
2012,Luxembourg,2.04,97.51
2013,Luxembourg,2.28,97.1
2014,Luxembourg,2.85,96.63
2015,Luxembourg,2.79,95.96
2016,Luxembourg,3.03,96.28
2017,Luxembourg,3.38,95.56
2018,Luxembourg,3.83,95.16
2019,Luxembourg,4.33,95.01
2020,Luxembourg,6.61,92.34
2021,Luxembourg,6.44,92.37
2022,Luxembourg,7.22,91.48
2023,Luxembourg,7.34,91.45
2024,Luxembourg,8.78,91.03
2005,Malta,0.03,99.97
2006,Malta,0.04,99.96
2007,Malta,0.04,99.96
2008,Malta,0.05,99.95
2009,Malta,0.05,99.93
2010,Malta,0.18,99.04
2011,Malta,0.28,101.3
2012,Malta,0.41,100.97
2013,Malta,0.45,104.14
2014,Malta,0.63,97.66
2015,Malta,0.68,97.3
2016,Malta,0.75,101.08
2017,Malta,1.03,103.05
2018,Malta,1.1,97.53
2019,Malta,1.14,97.27
2020,Malta,1.41,97.56
2021,Malta,1.65,97.04
2022,Malta,1.64,98.96
2023,Malta,1.69,97.55
2024,Malta,1.86,98.39
2005,Netherlands,1.99,37.78
2006,Netherlands,2.17,38.56
2007,Netherlands,2.29,37.41
2008,Netherlands,2.62,33.55
2009,Netherlands,3.09,34.06
2010,Netherlands,3.13,28.28
2011,Netherlands,3.45,29.36
2012,Netherlands,4.23,30.63
2013,Netherlands,4.82,23.74
2014,Netherlands,5.27,30.95
2015,Netherlands,5.49,48.37
2016,Netherlands,5.41,45.87
2017,Netherlands,6.17,51.7
2018,Netherlands,6.4,59.52
2019,Netherlands,7.16,64.3
2020,Netherlands,8.59,68.02
2021,Netherlands,9.26,58.45
2022,Netherlands,10.99,80.24
2023,Netherlands,12.83,70.41
2024,Netherlands,13.2,70.56
2005,Poland,4.9,17.75
2006,Poland,4.87,20.15
2007,Poland,4.98,25.79
2008,Poland,5.48,30.86
2009,Poland,6.41,32.04
2010,Poland,6.77,31.57
2011,Poland,7.36,34.02
2012,Poland,8.72,31.63
2013,Poland,8.73,26.25
2014,Poland,8.61,29.41
2015,Poland,9.34,29.85
2016,Poland,9.1,30.76
2017,Poland,8.75,38.27
2018,Poland,10.95,43.51
2019,Poland,11.54,45.24
2020,Poland,12.12,42.77
2021,Poland,11.61,40.46
2022,Poland,12.67,46.11
2023,Poland,14.01,48.06
2024,Poland,14.82,45.67
2005,Portugal,12.4,88.56
2006,Portugal,15.78,83.97
2007,Portugal,16.88,81.52
2008,Portugal,16.62,83.62
2009,Portugal,18.66,81.43
2010,Portugal,22.71,75.22
2011,Portugal,22.12,77.79
2012,Portugal,19.87,79.46
2013,Portugal,24.34,73.35
2014,Portugal,27.57,70.23
2015,Portugal,23.87,76.29
2016,Portugal,26.49,72.24
2017,Portugal,22.41,77.97
2018,Portugal,25.58,75.66
2019,Portugal,25.74,73.87
2020,Portugal,30.14,65.28
2021,Portugal,30.58,66.92
2022,Portugal,28.32,71.27
2023,Portugal,31.72,66.87
2024,Portugal,34.52,64.52
2005,Romania,12.88,27.47
2006,Romania,12.05,29.16
2007,Romania,11.84,31.46
2008,Romania,13.44,27.65
2009,Romania,15.15,19.89
2010,Romania,16.3,21.39
2011,Romania,14.06,21.14
2012,Romania,14.98,22.46
2013,Romania,17.43,18.32
2014,Romania,19.23,16.66
2015,Romania,18.59,16.69
2016,Romania,19.15,21.9
2017,Romania,17.41,23.3
2018,Romania,17.58,24.29
2019,Romania,17.48,30.28
2020,Romania,17.97,28.19
2021,Romania,17.84,31.65
2022,Romania,18.09,32.42
2023,Romania,19.47,27.86
2024,Romania,18.25,30.36
2005,Slovakia,4.6,65.99
2006,Slovakia,4.66,64.34
2007,Slovakia,5.41,69.74
2008,Slovakia,5.66,65.84
2009,Slovakia,7.33,67.69
2010,Slovakia,11.51,61.94
2011,Slovakia,11.51,63.46
2012,Slovakia,12.62,58.95
2013,Slovakia,12.39,58.4
2014,Slovakia,11.25,60.7
2015,Slovakia,12.92,58.01
2016,Slovakia,13.3,58.21
2017,Slovakia,12.59,62.54
2018,Slovakia,11.99,61.9
2019,Slovakia,13.05,69.79
2020,Slovakia,13.24,56.33
2021,Slovakia,13.21,52.58
2022,Slovakia,13.12,69.6
2023,Slovakia,12.68,58.41
2024,Slovakia,13.22,53.5
2005,Slovenia,13.38,50.83
2006,Slovenia,12.54,50.9
2007,Slovenia,12.84,50.82
2008,Slovenia,13.35,53.59
2009,Slovenia,15.41,48.84
2010,Slovenia,15.59,49.28
2011,Slovenia,14.35,48.35
2012,Slovenia,15.11,51.84
2013,Slovenia,16.95,47.47
2014,Slovenia,18.32,45.19
2015,Slovenia,16.57,49.26
2016,Slovenia,16.93,48.95
2017,Slovenia,15.4,50.66
2018,Slovenia,15.43,51.09
2019,Slovenia,15.37,51.97
2020,Slovenia,17.04,45.67
2021,Slovenia,17.43,48.6
2022,Slovenia,15.21,53.91
2023,Slovenia,18.96,49.26
2024,Slovenia,18.9,46.38
2005,Spain,5.51,81.53
2006,Spain,5.99,81.3
2007,Spain,6.43,79.56
2008,Spain,6.85,81.6
2009,Spain,8.91,79.55
2010,Spain,10.56,77.0
2011,Spain,10.08,76.01
2012,Spain,10.63,72.8
2013,Spain,13.7,70.0
2014,Spain,14.52,72.56
2015,Spain,13.24,72.74
2016,Spain,13.5,71.49
2017,Spain,12.46,73.89
2018,Spain,13.31,73.61
2019,Spain,14.01,75.03
2020,Spain,16.62,67.89
2021,Spain,16.29,69.38
2022,Spain,15.83,74.2
2023,Spain,17.88,68.26
2024,Spain,18.56,68.87
2005,Sweden,27.09,38.07
2006,Sweden,26.8,38.23
2007,Sweden,28.53,36.8
2008,Sweden,29.37,38.42
2009,Sweden,32.73,38.19
2010,Sweden,31.55,37.99
2011,Sweden,32.93,36.48
2012,Sweden,36.88,30.17
2013,Sweden,34.49,32.8
2014,Sweden,34.97,32.35
2015,Sweden,40.14,30.07
2016,Sweden,36.82,33.31
2017,Sweden,36.75,26.67
2018,Sweden,35.97,29.07
2019,Sweden,38.49,30.06
2020,Sweden,45.39,31.98
2021,Sweden,45.27,21.22
2022,Sweden,46.9,26.96
2023,Sweden,46.86,26.39
2024,Sweden,46.96,26.5
